"NY","CT","NJ","DE","RI","NC","SC","MA","NH","VT","VA","KY","PA","TX","ME","MD"
-3.80139031654167,-3.09210315396043,-2.11258202093751,-2.68642887503456,-0.849232370828413,-5.64417653451505,-1.00193802188995,-4.7175656921311,-5.61763391252176,-4.40599825251467,-1.3373081275338,-3.50585926732245,-1.80397438609977,-2.07799476145438,-2.25353868984983,-1.91899936895009
-3.80139031654167,-3.09210315396043,-2.11258202093751,-2.68642887503456,-0.849232370828413,-5.64417653451505,-1.00193802188995,-4.7175656921311,-5.61763391252176,-4.40599825251467,-1.3373081275338,-3.50585926732245,-1.80397438609977,-2.07799476145438,-2.25353868984983,-1.91899936895009
-3.80139031654167,-3.09210315396043,-2.11258202093751,-2.68642887503456,-0.849232370828413,-5.64417653451505,-1.00193802188995,-4.7175656921311,-5.61763391252176,-4.40599825251467,-1.3373081275338,-3.50585926732245,-1.80397438609977,-2.07799476145438,-2.25353868984983,-1.91899936895009
-3.80139031654167,-3.09210315396043,-2.11258202093751,-2.68642887503456,-0.849232370828413,-5.64417653451505,-1.00193802188995,-4.7175656921311,-5.61763391252176,-4.40599825251467,-1.3373081275338,-3.50585926732245,-1.80397438609977,-2.07799476145438,-2.25353868984983,-1.91899936895009
-3.80139031654167,-3.09210315396043,-2.11258202093751,-2.68642887503456,-0.849232370828413,-5.64417653451505,-1.00193802188995,-4.7175656921311,-5.61763391252176,-4.40599825251467,-1.3373081275338,-3.50585926732245,-1.80397438609977,-2.07799476145438,-2.25353868984983,-1.91899936895009
-3.80139031654167,-3.09210315396043,-2.11258202093751,-2.68642887503456,-0.849232370828413,-5.64417653451505,-1.00193802188995,-4.7175656921311,-5.61763391252176,-4.40599825251467,-1.3373081275338,-3.50585926732245,-1.80397438609977,-2.07799476145438,-2.25353868984983,-1.91899936895009
-3.80139031654167,-3.09210315396043,-2.11258202093751,-2.68642887503456,-0.849232370828413,-5.64417653451505,-1.00193802188995,-4.7175656921311,-5.61763391252176,-4.40599825251467,-1.3373081275338,-3.50585926732245,-1.80397438609977,-2.07799476145438,-2.25353868984983,-1.91899936895009
-4.23943248661487,-3.09210315396043,-2.11258202093751,-2.68642887503456,-0.849232370828413,-5.64417653451505,-1.00193802188995,-4.7175656921311,-5.61763391252176,-4.40599825251467,-1.3373081275338,-3.50585926732245,-1.80397438609977,-2.07799476145438,-2.25353868984983,-1.91899936895009
-3.80139031654167,-3.09210315396043,-2.11258202093751,-2.68642887503456,-0.849232370828413,-5.64417653451505,-1.00193802188995,-4.7175656921311,-5.61763391252176,-4.40599825251467,-1.3373081275338,-3.50585926732245,-1.80397438609977,-2.07799476145438,-2.25353868984983,-1.91899936895009
-2.24344877271602,-3.09210315396043,-2.11258202093751,-2.68642887503456,-0.849232370828413,-5.64417653451505,-1.00193802188995,-4.7175656921311,-5.61763391252176,-4.40599825251467,-1.3373081275338,-3.50585926732245,-1.80397438609977,-2.07799476145438,-2.25353868984983,-1.91899936895009
-3.8486029816475,-3.09210315396043,-2.11258202093751,-2.68642887503456,-0.849232370828413,-5.64417653451505,-1.00193802188995,-4.7175656921311,-5.61763391252176,-4.40599825251467,-1.3373081275338,-3.50585926732245,-1.80397438609977,-2.07799476145438,-2.25353868984983,-1.91899936895009
-3.61157598969506,-3.09210315396043,-2.11258202093751,-2.68642887503456,-0.849232370828413,-5.64417653451505,-1.00193802188995,-4.7175656921311,-5.61763391252176,-4.40599825251467,-1.3373081275338,-3.50585926732245,-1.80397438609977,-2.07799476145438,-2.25353868984983,-1.91899936895009
-3.8090945488658,-3.09210315396043,-2.11258202093751,-2.68642887503456,-0.849232370828413,-5.64417653451505,-1.00193802188995,-4.7175656921311,-5.61763391252176,-4.40599825251467,-1.3373081275338,-3.50585926732245,-1.80397438609977,-2.07799476145438,-2.25353868984983,-1.91899936895009
-1.98547238183645,-3.09210315396043,-2.11258202093751,-4.19263452818883,-0.849232370828413,-5.64417653451505,-1.00193802188995,-4.7175656921311,-5.61763391252176,-4.40599825251467,-1.3373081275338,-3.50585926732245,-1.80397438609977,-2.07799476145438,-2.25353868984983,-1.91899936895009
-2.14819952567096,-3.09210315396043,-2.11258202093751,-2.90791131071171,-0.849232370828413,-5.64417653451505,-1.00193802188995,-4.7175656921311,-5.61763391252176,-4.40599825251467,-1.3373081275338,-3.50585926732245,-1.80397438609977,-2.07799476145438,-2.25353868984983,-1.91899936895009
-4.60931885557338,-2.78515443133461,-2.11258202093751,-2.68642887503456,-0.849232370828413,-5.64417653451505,-1.00193802188995,-4.7175656921311,-5.61763391252176,-4.40599825251467,-1.3373081275338,-3.50585926732245,-1.80397438609977,-2.07799476145438,-2.25353868984983,-1.91899936895009
-4.88695059217166,-2.59725157429474,-2.11258202093751,-2.96053701169829,-0.849232370828413,-5.64417653451505,-1.00193802188995,-4.7175656921311,-5.61763391252176,-4.40599825251467,-1.3373081275338,-3.50585926732245,-1.80397438609977,-2.07799476145438,-2.25353868984983,-1.91899936895009
-2.13268108726072,-2.6958562505153,-2.11258202093751,-3.35856004205204,-0.849232370828413,-5.64417653451505,-1.00193802188995,-4.7175656921311,-5.61763391252176,-4.40599825251467,-1.3373081275338,-3.50585926732245,-1.80397438609977,-2.07799476145438,-2.25353868984983,-1.91899936895009
-5.37811629769853,-2.79498424317638,-2.11258202093751,-3.01402210776024,-0.849232370828413,-5.64417653451505,-1.00193802188995,-4.7175656921311,-5.61763391252176,-4.40599825251467,-1.3373081275338,-3.50585926732245,-1.80397438609977,-2.07799476145438,-2.25353868984983,-1.91899936895009
-4.02928142316665,-2.50724074893035,-2.11258202093751,-2.68642887503456,-0.849232370828413,-5.64417653451505,-6.00914326649008,-4.7175656921311,-5.61763391252176,-4.40599825251467,-1.3373081275338,-3.50585926732245,-1.80397438609977,-2.07799476145438,-2.25353868984983,-1.91899936895009
-5.76009793844869,-2.63039026220547,-2.11258202093751,-2.4872374443176,-0.849232370828413,-5.64417653451505,-2.02089202897969,-4.7175656921311,-5.61763391252176,-4.40599825251467,-1.3373081275338,-3.50585926732245,-1.80397438609977,-2.07799476145438,-2.25353868984983,-1.91899936895009
-3.14095538027974,-2.85171966814229,-2.11258202093751,-2.6007235203959,-0.849232370828413,-5.64417653451505,-1.50616120486238,-4.7175656921311,-5.61763391252176,-4.40599825251467,-1.3373081275338,-3.50585926732245,-1.80397438609977,-2.07799476145438,-2.25353868984983,-1.91899936895009
-3.43595522311591,-2.62960344855661,-2.11258202093751,-3.44486481678192,-0.849232370828413,-5.64417653451505,-2.22134664913412,-4.7175656921311,-5.61763391252176,-4.40599825251467,-1.3373081275338,-3.50585926732245,-1.80397438609977,-2.07799476145438,-2.25353868984983,-1.91899936895009
-3.31396554984018,-3.09210315396043,-2.11258202093751,-2.75594800829957,-0.849232370828413,-5.64417653451505,-2.50247210805492,-4.7175656921311,-5.61763391252176,-4.40599825251467,-1.3373081275338,-3.50585926732245,-1.80397438609977,-2.07799476145438,-2.25353868984983,-1.91899936895009
-3.74372811587331,-2.4319332356655,-2.11258202093751,-3.33981739657941,-0.849232370828413,-5.64417653451505,-1.81973575288436,-4.7175656921311,-5.61763391252176,-4.40599825251467,-1.3373081275338,-3.50585926732245,-1.80397438609977,-2.07799476145438,-2.25353868984983,-1.91899936895009
-3.72375601867346,-2.64201876422672,-2.11258202093751,-2.62626592822522,-0.849232370828413,-5.64417653451505,-4.10248655141415,-4.7175656921311,-5.61763391252176,-4.40599825251467,-1.3373081275338,-3.50585926732245,-1.80397438609977,-2.07799476145438,-2.25353868984983,-1.91899936895009
-3.43856281013985,-2.72473265217403,-2.11258202093751,-3.47381495005589,-0.849232370828413,-5.64417653451505,-2.00234246951789,-4.7175656921311,-5.61763391252176,-4.40599825251467,-1.3373081275338,-3.50585926732245,-1.80397438609977,-2.07799476145438,-2.25353868984983,-1.91899936895009
-3.02536871595131,-2.68344220416312,-2.11258202093751,-2.68642887503456,-0.849232370828413,-5.64417653451505,-4.08173030605191,-4.7175656921311,-5.61763391252176,-4.40599825251467,-1.3373081275338,-3.50585926732245,-1.80397438609977,-2.07799476145438,-2.25353868984983,-1.91899936895009
-3.80139031654167,-2.70990054348086,-2.11258202093751,-2.68642887503456,-0.849232370828413,-5.64417653451505,-2.10097667102356,-4.7175656921311,-5.61763391252176,-4.40599825251467,-1.3373081275338,-3.50585926732245,-1.80397438609977,-2.07799476145438,-2.25353868984983,-1.91899936895009
-5.56918096471847,-2.79518775571825,-2.11258202093751,-2.68642887503456,-0.849232370828413,-5.64417653451505,-2.18589938197301,-4.7175656921311,-5.61763391252176,-4.40599825251467,-3.24202807368645,-3.50585926732245,-1.80397438609977,-2.07799476145438,-2.25353868984983,-4.19576161493141
-7.49104480120786,-2.93075924258393,-2.11258202093751,-2.68642887503456,-0.849232370828413,-5.64417653451505,-1.54743675904596,-4.7175656921311,-5.61763391252176,-4.40599825251467,-4.00757354051417,-3.50585926732245,-1.80397438609977,-2.07799476145438,-2.25353868984983,-4.03853509499513
-3.00292182166527,-3.04088774234731,-2.11258202093751,-2.68642887503456,-0.849232370828413,-5.64417653451505,-1.61904064318953,-4.7175656921311,-5.61763391252176,-4.40599825251467,-5.29129276032182,-3.50585926732245,-1.80397438609977,-2.07799476145438,-2.25353868984983,-3.86197082033098
-3.28013290703853,-2.03792677064957,-2.11258202093751,-2.68642887503456,-0.849232370828413,-5.64417653451505,-1.61663427598219,-4.7175656921311,-5.61763391252176,-4.40599825251467,-4.51514105021761,-3.50585926732245,-1.80397438609977,-2.07799476145438,-2.25353868984983,-4.04587356490491
-3.01046147192124,-2.82444707237204,-2.11258202093751,-2.68642887503456,-0.849232370828413,-5.64417653451505,-1.39267964811095,-4.7175656921311,-5.61763391252176,-4.40599825251467,-3.48604583483285,-3.50585926732245,-1.80397438609977,-2.07799476145438,-2.25353868984983,-1.91899936895009
-2.72786572249766,-2.35763403107306,-2.11258202093751,-2.68642887503456,-0.849232370828413,-5.64417653451505,-1.26484136033769,-4.7175656921311,-5.61763391252176,-4.40599825251467,-1.3373081275338,-3.50585926732245,-1.80397438609977,-2.07799476145438,-2.25353868984983,-1.91899936895009
-2.74966924045664,-2.6767849730215,-2.11258202093751,-2.68642887503456,-0.849232370828413,-6.98420904746667,-1.35665770419551,-4.7175656921311,-5.61763391252176,-4.40599825251467,-3.21372880542897,-3.50585926732245,-1.80397438609977,-2.07799476145438,-2.25353868984983,-1.91899936895009
-2.56511262259398,-2.75153803018754,-2.11258202093751,-2.68642887503456,-0.849232370828413,-7.09176495368791,-1.08052256778418,-4.7175656921311,-5.61763391252176,-4.40599825251467,-2.16081955512669,-3.50585926732245,-1.80397438609977,-2.07799476145438,-2.25353868984983,-2.94795427110088
-2.34313029006672,-2.71882426833273,-2.11258202093751,-2.68642887503456,-0.849232370828413,-6.91551737033346,-1.12162643293567,-4.7175656921311,-5.61763391252176,-4.40599825251467,-1.3373081275338,-4.1107663656871,-1.80397438609977,-2.07799476145438,-4.64400314110364,-1.91899936895009
-2.09099526179296,-5.2506992241662,-2.11258202093751,-2.68642887503456,-0.849232370828413,-6.95583259952588,-1.11668525905344,-4.7175656921311,-7.2812824777393,-4.40599825251467,-0.984137105223915,-3.50585926732245,-1.80397438609977,-2.07799476145438,-3.69186627745636,-2.80527368382277
-2.37903060817659,-3.09210315396043,-2.11258202093751,-2.68642887503456,-0.849232370828413,-7.0859103562621,-1.16106022956366,-4.7175656921311,-5.61763391252176,-4.40599825251467,-0.799068308968865,-3.50585926732245,-1.80397438609977,-2.07799476145438,-3.7277124092295,-6.03570294789498
-2.17056166909226,-3.09210315396043,-2.11258202093751,-2.75044442203515,-0.849232370828413,-7.49603984308802,-1.38323226579266,-4.7175656921311,-5.61763391252176,-4.40599825251467,-0.886730620776105,-4.50896728164788,-1.80397438609977,-2.07799476145438,-3.43276614463034,-1.91899936895009
-2.20963130051779,-3.09210315396043,-2.11258202093751,-2.68642887503456,-0.849232370828413,-5.64417653451505,-0.812480336196805,-4.7175656921311,-5.63518625981043,-4.40599825251467,-0.794189335166475,-3.50585926732245,-1.80397438609977,-2.07799476145438,-3.53299033923709,-1.83370733081214
-2.24126723435975,-3.09210315396043,-2.11258202093751,-2.68642887503456,-0.849232370828413,-5.64417653451505,-1.00815898256705,-4.7175656921311,-5.61763391252176,-4.40599825251467,-1.10342382778862,-3.50585926732245,-3.50315547441151,-2.07799476145438,-3.22186264821063,-1.91899936895009
-2.50900908065225,-3.09210315396043,-2.11258202093751,-2.68642887503456,-0.849232370828413,-3.02833386121331,-0.773275697568833,-4.7175656921311,-5.61763391252176,-4.40599825251467,-0.681343055136312,-3.50585926732245,-4.1943420514179,-2.07799476145438,-3.51374174325386,-2.83099666302693
-2.38410506873464,-3.09210315396043,-2.11258202093751,-2.68642887503456,-0.849232370828413,-2.92219237638855,-1.16296897103739,-4.7175656921311,-7.37636712342643,-4.40599825251467,-1.49387872271106,-3.50585926732245,-3.64216572022546,-2.07799476145438,-3.52204916382371,-2.81720261927706
-2.33513916827106,-3.09210315396043,-2.11258202093751,-2.68642887503456,-0.847472525230863,-8.56367715572086,-1.00193802188995,-4.7175656921311,-7.32545475032884,-4.40599825251467,-1.43922862511359,-9.01020250734186,-3.36518254894226,-2.07799476145438,-3.47113679072611,-2.65033182493966
-5.02655416479528,-3.09210315396043,-2.11258202093751,-2.68642887503456,-0.890781455493186,-7.7879096482682,-1.16624249806796,-4.7175656921311,-5.61763391252176,-4.40599825251467,-1.73639318334438,-3.50585926732245,-3.79897318563029,-2.07799476145438,-3.6066158682603,-2.32346424632405
-3.80139031654167,-3.09210315396043,-2.11258202093751,-2.68642887503456,-0.850995318943244,-7.90121853610328,-1.11160370068702,-4.7175656921311,-5.61763391252176,-4.40599825251467,-1.70446841003802,-3.50585926732245,-3.9789456558639,-2.07799476145438,-3.44355644354393,-2.26334260617682
-3.80139031654167,-3.09210315396043,-2.11258202093751,-2.68642887503456,-1.68588829372851,-8.12421293386348,-0.859184920186921,-4.7175656921311,-5.61763391252176,-4.40599825251467,-1.25985024447289,-3.50585926732245,-4.12634875985745,-2.07799476145438,-3.93848455678792,-2.18831468067789
-3.80139031654167,-3.09210315396043,-2.11258202093751,-2.68642887503456,-0.849232370828413,-5.64417653451505,-0.955627199309033,-4.7175656921311,-5.61763391252176,-4.40599825251467,-1.44913747892379,-8.43643055551085,-4.13608797290373,-2.07799476145438,-3.92889215709648,-2.0885535158072
-3.80139031654167,-3.90293108313301,-2.11258202093751,-2.68642887503456,-1.59413017454288,-5.64417653451505,-0.889502998020812,-4.7175656921311,-5.61763391252176,-4.40599825251467,-0.985899639733458,-3.50585926732245,-4.43814095100152,-2.07799476145438,-4.19710889476016,-2.0553579882072
-3.80139031654167,-3.92239641792111,-2.11258202093751,-2.68642887503456,-1.58795307871765,-7.43489637394461,-1.05092585113784,-4.7175656921311,-5.61763391252176,-4.40599825251467,-1.43719999247205,-5.58410574525255,-2.82780925321256,-2.07799476145438,-2.37074753904994,-2.02603315882587
-3.80139031654167,-3.99143009443292,-2.11258202093751,-2.68642887503456,-1.74395702538102,-6.24688195424884,-0.753370903556997,-4.7175656921311,-5.61763391252176,-4.40599825251467,-1.8781006031496,-3.50585926732245,-2.72155113552155,-2.07799476145438,-2.35290775917379,-2.13326227071583
-3.80139031654167,-5.15477604522856,-2.11258202093751,-2.68642887503456,-1.81319194229539,-5.64417653451505,-0.941496807795464,-4.7175656921311,-5.61763391252176,-4.40599825251467,-1.34436559621798,-9.03946417677591,-1.77406446253205,-2.07799476145438,-2.25917108032957,-2.16698046852484
-3.80139031654167,-3.09210315396043,-2.11258202093751,-2.68642887503456,-1.81163652179891,-5.64417653451505,-0.666390746886417,-4.7175656921311,-5.61763391252176,-4.40599825251467,-1.15836167037218,-3.50585926732245,-0.476624274810444,-2.07799476145438,-2.07028701736317,-2.35361396748698
-3.80139031654167,-3.09210315396043,-2.11258202093751,-2.68642887503456,-1.66528453624108,-5.64417653451505,-1.00193802188995,-4.7175656921311,-5.61763391252176,-4.40599825251467,-1.34748493349526,-3.50585926732245,-0.824493266323734,-2.07799476145438,-2.25353868984983,-2.38916908174673
-3.80139031654167,-5.77021424146116,-6.54333151016618,-2.68642887503456,-0.772193239062797,-5.64417653451505,-0.702246471718671,-5.00021419690805,-5.61763391252176,-4.40599825251467,-1.36761201111639,-2.62309682766916,-0.891260597791474,-2.07799476145438,-3.68055676126073,-2.24616244714686
-3.80139031654167,-3.15288402329372,-2.11258202093751,-2.68642887503456,-0.800560527740396,-5.64417653451505,-0.813848671888217,-4.7175656921311,-5.61763391252176,-4.40599825251467,-1.19303998341531,-3.50585926732245,-0.817698630536905,-2.07799476145438,-1.81520087245214,-2.28957713978106
-3.80139031654167,-2.71855088413901,-2.11258202093751,-2.68642887503456,-0.815049328375575,-5.64417653451505,-0.824023259827528,-4.93611903645165,-5.61763391252176,-4.40599825251467,-1.29506030120109,-7.26380804337588,-0.893139180139196,-2.07799476145438,-1.73373035337055,-1.30807735202106
-4.84573446361261,-3.50962350468551,-2.11258202093751,-1.02667150222838,-0.746562914230419,-5.64417653451505,-1.25898610681738,-5.04632441104987,-5.61763391252176,-4.40599825251467,-1.02504268400907,-7.1717568760067,-0.966879620714691,-2.07799476145438,-1.91036639725838,-1.49702119929264
-5.54986957932267,-5.05215288498522,-6.89509937488838,-2.68642887503456,-0.00151875821562482,-5.64417653451505,-0.712963711135045,-4.7175656921311,-5.61763391252176,-4.40599825251467,-1.02611716828572,-4.0597979204061,-0.610013734045759,-2.07799476145438,-2.02963240086657,-0.900564835642821
-5.15791050596632,-3.09210315396043,-2.11258202093751,-0.75154329170106,-0.661902344200546,-5.64417653451505,-1.08136161276072,-4.51243839791653,-5.61763391252176,-4.40599825251467,-1.21413670114345,-3.53262812276297,-0.958601846420558,-2.07799476145438,-2.04072821512162,-1.18684664241445
-5.06463469249968,-3.09210315396043,-2.11258202093751,-2.68642887503456,-0.593160282587638,-5.64417653451505,-0.722313210618138,-3.69231655913759,-5.61763391252176,-4.40599825251467,-1.15259364637997,-3.50585926732245,-1.19117878789393,-2.07799476145438,-2.25353868984983,-1.16244060803092
-5.278403827463,-3.09210315396043,-2.11258202093751,-0.656230572906662,-0.986282925336488,-5.64417653451505,-0.797085558044984,-4.41555538548754,-5.61763391252176,-5.83132476906188,-1.48056392024283,-3.63865644231723,-1.68986117508801,-2.07799476145438,-2.28430548976576,-1.37360318719564
-4.84578814468476,-5.84007355741073,-6.14921517629681,-2.68642887503456,-1.08811416118729,-5.64417653451505,-0.84125853770374,-5.23251603424231,-5.64558621263849,-3.97498416112508,-1.59886440357909,-3.5405478117391,-1.73960768614585,-2.07799476145438,-2.35841346191948,-1.49255547253915
-5.11177518861639,-4.93603824719741,-2.11258202093751,-0.901118545592977,-0.95589825018523,-5.64417653451505,-0.836981414229829,-6.65662033941233,-5.44247222345914,-4.15304237308215,-1.44255900320804,-3.50585926732245,-1.80397438609977,-2.07799476145438,-2.24472173431406,-1.45470022409433
-4.75133654736839,-4.82646153100312,-6.1930833218416,-2.68642887503456,-1.00520889831114,-5.64417653451505,-0.641114021912408,-7.31789231144166,-2.51140632920562,-4.40599825251467,-1.3915061245941,-3.08988807492819,-1.76095759338321,-2.07799476145438,-2.24793784559489,-1.40169719546891
-5.04801893939985,-5.35569338755685,-2.11258202093751,-0.95507013862846,-0.413854141144401,-5.64417653451505,-0.631925971212458,-5.89863023391834,-5.54491688034455,-6.06751242164234,-1.33030011786227,-1.81136641075273,-1.60942923172377,-2.07799476145438,-2.23420915392498,-1.38708099633857
-5.27770788478059,-3.70155115998039,-1.68299527997538,-0.991664370576468,-0.619755018714693,-6.77951243296281,-0.762982017002897,-5.87726760577698,-5.61763391252176,-4.58368914046128,-1.14662039118764,-0.850406509253221,-1.83648594409267,-2.07799476145438,-1.99662341731398,-1.39782482939112
-3.17866742279522,-3.54534635977253,-1.71272718599844,-1.06420905844175,-0.552026989383235,-8.17654515230324,-0.775552396121821,-5.67549490196325,-5.61763391252176,-5.62610523562969,-1.13999362174189,-3.50585926732245,-1.80921239269148,-2.07799476145438,-1.41649344409559,-1.40095100561909
-3.28572227689853,-3.57800738606336,-1.70489846578236,-2.68642887503456,-0.500918152409603,-2.38182568265572,-0.775985910092762,-5.55311350653644,-5.61763391252176,-4.97618678962059,-1.1151539408818,-1.11356189041665,-1.75601400719373,-2.07799476145438,-1.80669108007296,-1.46288915078528
-4.25212658174234,-3.1460838459282,-1.79071207050924,-1.02766725119355,-0.23264789693015,-0.530963505995201,-0.0978224481907839,-2.9861674481351,-5.61763391252176,-7.86881086746786,-0.93910484123586,-0.99435969923375,-1.91840380890516,-2.07799476145438,-1.74227646375222,-1.41438716055926
-4.14353495026498,-2.81517233074963,-2.04367993501011,-2.68642887503456,-0.559058578819887,-0.516131307051987,-0.615007482327378,-2.67764956653207,-5.61763391252176,-7.74682654516526,-1.2566244802392,-3.50585926732245,-1.80273331889303,-2.07799476145438,-1.54356063741054,-1.62272639062492
-3.83640934080074,-2.80860831622842,-2.48221192923657,-2.68642887503456,-2.90503591021454,-0.540030699854479,-0.435077154537813,-2.4732990498767,-5.61763391252176,-4.40599825251467,-1.47567772434716,-1.08771183390689,-1.93751418819659,-2.07799476145438,-1.31573818009158,-1.6843956923259
-3.80139031654167,-2.70721212158656,-1.764309726268,-2.68642887503456,-0.593953580776254,-0.13054013206526,-0.671346093375114,-5.10604863608547,-5.61763391252176,-6.13270525686375,-0.728706823610014,-0.403819756077101,-1.43706353540243,-0.0837845194774661,-1.36832779333535,-1.642515058923
-3.64025385180929,-2.86273113431063,-2.11258202093751,-2.68642887503456,-0.536422484403588,-0.456057206679652,-0.498129362664744,-2.4033551414396,-5.26284517028671,-4.03435539600384,-0.76726205802275,-0.328872195245276,-1.59585774517373,-2.07799476145438,-2.01518557227122,-0.271383167294569
-3.6917498022661,-3.14623947791258,-1.99994398390866,-2.68642887503456,0.28000213813539,-0.442955701093305,-0.553592307952339,-5.39506714245891,-5.33905313677749,-3.92046105934787,-0.751742739068132,-0.341822289406303,-1.56124644389009,0.132449845835148,-2.25353868984983,-1.50728995946216
-4.3022012851302,-3.27786053885639,-2.26475860894356,-2.68642887503456,0.164148363176099,0.969560320556261,-0.516495632616544,-2.22277544778806,-5.60038434330185,-3.01654430496117,-1.3373081275338,-0.291733641561271,-1.80397438609977,-2.07799476145438,-1.15376530536178,-1.45065205619035
-4.01334637145705,-3.22535993296946,-1.92465292862863,-2.68642887503456,-0.554690401096133,-0.814878471642125,-0.678820221069918,-2.652926897313,-5.05453948642598,-3.99101019580493,-1.3373081275338,-3.50585926732245,-1.48947912809709,-2.07799476145438,-1.5061207941659,-1.52367482314802
-4.76906036404562,-4.44454704018862,-2.35158443194389,-4.93481581617562,-0.68976960304215,-1.51863420581856,-1.00193802188995,-1.96962399545582,-5.56625313865466,-4.40599825251467,-1.3373081275338,-1.38490737504634,-1.79840985305491,-2.07799476145438,-1.53463735785113,-1.91899936895009
-4.49025625408564,-4.66409016264795,-2.42934321383466,-2.68642887503456,-0.909303098497516,-0.60431433145069,-1.00193802188995,-2.79472353067638,-5.70441730673268,-4.35147003295829,-1.3373081275338,-6.27910059545424,-1.85667103742662,-2.07799476145438,-1.65098346418298,-2.08949021577843
-4.79899379668712,-4.88161416593759,-2.16405346663504,-2.68642887503456,-1.0049970376404,-5.64417653451505,-1.00193802188995,-4.7175656921311,-6.06878081794343,-4.40599825251467,-1.3373081275338,-6.25695116470015,-2.0172730771009,-2.29082669810247,-1.96836714715663,-2.18409137193726
-4.46298479452925,-4.86632320962969,-1.86394520208031,-2.68642887503456,-1.28667297065618,-5.64417653451505,-1.00193802188995,-4.7175656921311,-5.73847588606765,-4.24222187959355,-1.3373081275338,-1.21936886395621,-2.0188995172226,-2.07799476145438,-2.53999504487347,-2.0303594620137
-4.53790521915224,-4.78577658724306,-2.41933845202401,-2.68642887503456,-1.41819139853138,-6.61839286287348,-1.00193802188995,-3.18417554545481,-5.61763391252176,-4.40599825251467,-3.60210482531619,-2.0252267952709,-2.21776503042154,-2.07799476145438,-2.69448435117893,-0.413807551858184
-4.85732478001019,-5.23645809875119,-2.11258202093751,-2.68642887503456,-1.36165141557427,-3.64725014355177,-1.00193802188995,-4.85367831751788,-5.96895717366821,-4.40599825251467,-1.3373081275338,-1.30238476295973,-1.99744375784958,-2.07799476145438,-2.16956396622202,-0.111492992108557
-3.5468379814947,-4.04988398652766,-2.06363069959281,-2.68642887503456,-1.29463688326496,-3.19382830567266,-1.00193802188995,-2.12716700723849,-1.87319274845295,-4.40599825251467,-3.5010229697432,-5.81988693847362,-2.14446249496999,-5.80581390566828,-2.71751606153818,-0.166773713297986
-3.80698545387072,-3.85159629518087,-2.11258202093751,-2.68642887503456,-0.885375604760413,-1.64084700654127,-1.00193802188995,-1.6055424437169,-4.81229559308975,-4.40599825251467,-3.25688685957678,-1.25147919791585,-1.80397438609977,-5.29080949072267,-2.40197857948722,-1.56114127363465
-0.155641586564808,-3.94394340977197,-3.12194278702538,-2.68642887503456,-0.596265197532797,-1.38297918866268,-1.00193802188995,-2.32331251104963,-3.41959964210748,-4.40599825251467,-3.2258061459879,-3.50150804484863,-0.85505893901657,-7.95464552505659,-1.35102116566413,-0.171073807021476
-0.0480567383467711,-3.81901065690032,-1.73153019263067,-2.68642887503456,-0.522106018402602,-1.04562885812573,-1.00193802188995,-1.50444933360773,-2.6907355327789,-4.40599825251467,-0.765837433103009,-0.126367908482162,-0.863550910785003,-2.91025483807595,-1.93147474487151,-1.47531027960413
-0.0330144387350187,-1.82929478907609,-2.35140142248325,-2.68642887503456,-0.435330436012945,-1.48692878302823,-1.00193802188995,-2.41198641738448,-2.04971091339086,-4.40599825251467,-0.794113041782046,0.0376713676674734,-0.803293454797085,0.00802904465182124,-1.57783470462793,-1.91899936895009
-0.0231561544196308,-0.54357794697861,-2.01538160327164,-2.68642887503456,-0.34489953332719,-2.18384195052824,-1.00193802188995,-2.09795200442752,-5.61763391252176,-4.40599825251467,-0.76360197531567,-6.22386894450556,-1.80397438609977,-1.12050688827255,-0.262920508388459,0.0235047654063267
0.110733233699752,-0.492792993921729,-1.83969363707292,-2.36185525167739,-0.298271319353841,-2.52307375314966,-1.00193802188995,-3.09489635176723,-3.01675458602399,-4.40599825251467,-0.749841379428664,-0.131948964309813,-0.636350695269191,0.362309840988473,-0.00143744305907108,0.256348356216005
0.047246819654895,-0.571992006375391,-2.11258202093751,-2.68642887503456,-1.63757717603922,-3.02060038602186,-2.2283826076311,-1.93119659655229,-3.6222002022023,-2.28668318390335,-0.744753144649356,-0.185280251914245,-0.874479863235468,-0.452087524305486,0.0357099383840619,0.16573572219526
0.0655980187224385,0.217432735090864,-2.44839404000703,-2.68642887503456,-0.479764232956246,-2.74237755487817,-2.35702460276053,-2.20540337630669,-3.59331516591244,-4.40599825251467,-0.641251661026125,-5.75048358616894,-0.601585070605831,-0.46403412579972,-2.25353868984983,0.159842453901634
0.1185667695094,-0.420365604404661,-1.86483638441421,-2.68642887503456,-0.454050346496641,-3.23221375602491,0.401290683461603,-2.21897649141995,-3.38663780217039,-4.40599825251467,-0.867939670088995,-0.0897634496578124,-0.732400947012843,-0.535914013383186,0.212965402156784,0.0862615247206451
0.175161486108698,-0.363443593293834,-0.986013269126364,-6.3627455447611,-0.352267164400523,-3.98204031645631,-2.28747464198333,-2.2120557487418,-3.09521403126895,-4.40599825251467,-1.08872242627095,-3.50585926732245,-0.811771708976901,-0.260468202158424,-2.25353868984983,0.19280835153318
0.136031475273705,-0.350001054474467,-2.24961444725374,-2.68642887503456,-0.439042122473647,-4.07943209298872,-1.52608979759604,-2.23025937878915,-3.54916349068554,-4.40599825251467,-0.969744724309111,-3.50585926732245,-1.01129814902489,0.0608809794485019,0.0506897668637251,0.121532422141946
0.113037944293528,-0.320131291556559,-2.67806759030358,-6.38726158363779,-0.442478355509056,-5.04168007651972,-1.97791330073798,-2.48286452079966,-3.11171335252787,-4.40599825251467,-0.325191879538228,-0.313260793535426,-0.232930975319157,-0.218591082533614,-0.111245282186211,-1.91899936895009
0.0552872242638663,-0.201789772084316,-2.78435203897899,-2.68642887503456,-0.442089578208753,-2.5627762562005,-1.81726067837431,-2.31432447227512,-3.13258330104523,-2.33233564418908,-0.558698007339159,-0.200305596377676,-0.21455768075184,-0.15572291962448,-0.151713231739057,0.102874458248253
0.0611242416944922,-0.188759581464256,-2.82628572529818,-3.15380458269226,-0.435209219039495,-2.27307655739094,-2.02475065266157,-2.37799349790784,-2.7913547944675,-3.01351998946523,0.216461473959336,-0.286782319163247,-0.573365468730907,-0.00106523956183259,-0.102782608267477,0.179822169160846
0.0953396773379246,-0.144266064436406,-2.79151841208493,-2.68642887503456,-0.415142901846461,-3.23262823706955,-1.91212177064388,-2.35444728361203,-3.12918846308586,-3.03459236955539,0.0408112508216399,-0.213602772011605,-0.568857296997573,0.272257127041576,0.0190256362170891,0.0633426076619149
0.170309053233986,-0.205921876685949,-2.85593781340823,-2.68642887503456,-0.226126370578525,-1.94070609275906,-1.91423201255379,-2.33815669210705,-3.00869283893238,-2.96179363231669,0.210207557844584,-0.0495042925717847,-0.511068006372371,0.590474787651656,0.0372967445343513,0.160999096894664
0.186062030386005,-0.231992867158375,-3.33196174816941,-2.68642887503456,-0.113823244149217,-2.98039207588448,-1.00193802188995,-2.31277959518869,-2.93246579667583,-4.40599825251467,0.00859142800573764,0.0106253191211153,-0.480473949684348,0.822030186266705,0.109534354350203,0.165286071778244
0.052630033716926,-0.35129643889388,-4.63242325349128,-2.68642887503456,-0.310158056305428,-2.95719847499814,-2.08493178633251,-2.55706504606675,-3.33207161097904,-4.40599825251467,0.0519637401154968,0.0746994183360501,-0.682933591780038,0.695569747175775,0.105404580933913,0.0340690947335277
0.174654972301165,-0.268899147602598,-4.37097684736845,-1.0055633125121,-0.311732158910656,-2.97398821046171,-1.00193802188995,-2.44318876743541,-3.10623841604386,-1.66474718015057,0.0377489808731509,0.0512586530454632,-0.64628774471534,0.624476359158355,-2.25353868984983,0.0744121674901326
0.181100351929077,-0.28138572154506,-4.46104993677263,-1.24257273609626,-0.307290356899556,-2.91126894179229,-1.00193802188995,-2.50200420642026,-2.83828293812073,-2.41917259799241,-0.0145695397519793,0.234378099315844,-0.395706908531997,0.737426984037905,0.17173069538764,0.0811803639861862
0.265866994635132,-0.257821696277265,-4.18422969935282,-2.60992258185611,-0.260968694026556,-2.43765189069674,-1.00193802188995,-1.96707087093158,-2.60749124751198,-2.14590940779765,0.0531844742169352,0.343069835470494,-0.178807402691408,0.687959531120328,0.253170858057646,0.156311849696953
0.242691765189484,-0.140709036002237,-4.37903651956377,-1.80470076700655,-0.232256826184145,-2.88560639151635,-1.00193802188995,-2.16544419148872,-2.71824719782562,-1.44475993505632,0.106351128694558,0.440005263326178,-0.0884272460676542,0.700823914140061,0.253657343501866,0.258767716619772
0.296740538773055,0.00137742316251703,-3.90310406442395,-1.01624340664228,-0.0256629989170808,-2.40254131060465,-1.00193802188995,-2.02509231679478,-5.61763391252176,-0.993047050525321,0.123894811697089,0.480794183568052,-0.1298351322024,0.821095838416417,0.332865396256737,0.278369641361649
0.30942284435778,-0.0828572120004581,-2.94209976378166,-1.62237921021259,-0.0396280623361124,-2.89285585080726,-1.00193802188995,-1.5388804449673,-1.20122147430656,-0.293213983339134,0.19415538536511,0.508083697438208,0.682290411314179,0.818704203624592,0.465895661333814,0.203568608489122
0.413112487464917,0.0082937977204614,-3.6911885135704,-1.5569093568445,-0.180416330768207,-2.16749033162411,-1.00193802188995,-1.65066020505484,-0.308834353120584,-0.309999691257165,0.231420010861526,0.622288749327442,0.597572448532665,0.995346239230536,0.516856331600755,0.285259692472439
0.407133578490599,0.284643466841059,-3.19763636573288,-1.46106004090672,-0.0096822405990087,-1.83111998472889,-1.00193802188995,-0.999448478676138,-0.27335176862555,-0.17588123674264,0.255461166865346,0.802386059616103,0.809293108394281,0.862731397548976,0.573147609369409,-1.91899936895009
0.243858392633045,0.0125763307325074,-3.25423134083749,-1.18328585288436,-0.246467109063215,-1.93001394997585,-1.00193802188995,-1.24123994383917,-0.509917016763349,-0.177188640313547,0.18911866689879,0.665069681473762,0.706988125934172,0.591461268340855,0.62974136509434,0.280476127357131
0.237784233851611,0.0330832186552088,-1.64753147432989,-1.17192914272126,-0.218970705625745,-2.0243695404159,-1.00193802188995,-1.12610103596707,-1.30385613084404,-0.163858196246272,0.234731950186788,0.603432842444687,0.265864777921227,0.712736113217879,0.623578017386671,0.405968826616646
0.268912799332769,0.265428344295469,-1.12083051283031,-1.37669212518279,-0.19053504201753,-1.54817619872054,-1.00193802188995,-1.07333024825539,-1.8489268677743,-0.170499486837527,0.198299970631586,-0.135258245119079,0.501470599414978,0.47250650552185,0.68126409262162,0.334550445952478
0.250146850957323,0.24469427464893,-0.998120378072617,-0.206422421460636,-0.0382503733483439,-1.79874291826242,-1.00193802188995,-0.91281975214161,-1.69028011443087,-0.168193341688442,0.24330764261446,0.464156209721618,0.696258197200317,-2.07799476145438,0.649753608653434,-1.91899936895009
0.244496321051813,0.288588178770708,-0.984375802829748,0.699702006116043,0.0762258651045322,-1.71578286203321,-1.00193802188995,-0.885085125955344,-1.7491206144538,0.0185439405660795,0.217350694695363,0.463813901178273,0.731620002579223,-2.07799476145438,0.615641774146571,0.676878162141564
0.333539047015194,0.280190913673365,-2.11258202093751,0.412650981847403,0.0834070170657738,-1.38056206616253,-1.00193802188995,-0.72035862997098,-1.13124688492965,0.0136085561713646,0.28558449965668,0.58162542154124,0.776229986849525,-2.07799476145438,0.648006713071633,0.716810080632254
0.322494354406412,0.306662791234123,-2.11258202093751,0.63538518709062,-0.849232370828413,-0.929998885960903,-1.00193802188995,-4.7175656921311,-1.07336295524365,-0.14589119390743,0.237631014139094,0.587350146767261,0.825950325121798,-2.07799476145438,0.606720285083193,0.602481211013392
0.358065497299595,0.30868853598053,1.05362480931044,0.713821319659763,0.117962935711463,-0.7960889220543,-0.747992866333467,-0.324929140846275,-0.468430500643382,-0.0284843193016005,0.409424860985824,0.552534822760146,0.544097477291198,0.945362654447541,0.68463507683421,0.624890560551167
0.357737791524477,0.361823369620038,-2.11258202093751,0.573117747984831,-0.849232370828413,-0.53728294373395,-1.00193802188995,-4.7175656921311,-5.61763391252176,0.160239134479655,0.319724980379479,0.508860128885421,0.568288607042878,-2.07799476145438,0.757295570749979,0.675839505065536
0.406093470576082,0.466394141889599,-2.11258202093751,-0.939567997071923,-0.849232370828413,-0.690016109986902,-1.00193802188995,-4.7175656921311,-5.61763391252176,0.140206385748485,0.286895275436865,0.592290980428997,0.35912315133187,-2.07799476145438,0.794737763807423,0.64463134592813
0.432381918839042,0.505729887759389,-2.11258202093751,-1.23776163397263,-0.849232370828413,-0.635924476594286,-1.00193802188995,-4.7175656921311,-5.61763391252176,0.215356266736029,0.438271305892526,0.711266977061036,0.966700652137773,-2.07799476145438,0.750823056244362,0.969843632178628
0.252636189577419,0.337417561397707,-2.11258202093751,-1.1939699473394,-0.849232370828413,-0.694680061858298,-1.00193802188995,-4.7175656921311,-5.61763391252176,0.22998502959187,0.401999239600928,0.721429001800333,0.384440965568668,-2.07799476145438,0.6788294476736,-1.91899936895009
0.329274506847223,0.188858379693998,-2.11258202093751,0.450239875779342,-0.849232370828413,-0.458691766579914,-1.00193802188995,-4.7175656921311,-5.61763391252176,0.233370044586478,0.514981200687005,0.709050672663395,0.417782928174539,-2.07799476145438,0.785387877842714,0.873607975543152
0.372396942439207,0.364163652613892,-2.11258202093751,0.46381744541569,-0.849232370828413,-0.574271992801437,-1.00193802188995,-4.7175656921311,-5.61763391252176,0.328803522542617,0.688547720178768,0.80621421975988,0.692451871166026,-2.07799476145438,0.751114547439498,-1.91899936895009
0.489011293099889,0.457925396971852,-2.11258202093751,0.45177722696445,-0.849232370828413,-0.246569300706643,-1.00193802188995,-4.7175656921311,-5.61763391252176,0.684845719967605,0.725665194426412,0.954959443982417,0.730165678303133,-2.07799476145438,1.14791172228911,1.07668872520803
0.481164313185647,0.462196709737281,-2.11258202093751,0.632286178797539,-0.849232370828413,-0.407449904358167,-1.00193802188995,-4.7175656921311,-5.61763391252176,0.725175222370135,-1.3373081275338,0.959926434807651,0.684874869832319,-2.07799476145438,1.12187204600077,0.974832203025896
0.495775428100612,0.492257630793573,-2.11258202093751,0.736637131312345,-0.849232370828413,-0.250432182537311,-1.00193802188995,-4.7175656921311,-5.61763391252176,0.750972156858582,-1.3373081275338,0.994556282141,0.584579539016991,-2.07799476145438,1.54833664535908,0.798835128070976
0.54378127936402,0.5847090929033,-2.11258202093751,-0.0802615414552975,-0.849232370828413,-0.190802417802124,-1.00193802188995,-4.7175656921311,-5.61763391252176,0.896085367699534,-1.3373081275338,1.00495466230096,0.770690089068722,-2.07799476145438,1.62630936156227,0.912275446821642
-3.80139031654167,0.595390972842783,-2.11258202093751,0.893160071727604,-0.849232370828413,-0.0601811390226319,-1.00193802188995,-4.7175656921311,-5.61763391252176,1.05220097467822,-1.3373081275338,0.969610823404262,0.683183262013478,-2.07799476145438,1.55582249450927,0.985950683968051
-3.80139031654167,0.607184467696692,-2.11258202093751,0.931885139698144,-0.849232370828413,0.129141881863978,-1.00193802188995,-4.7175656921311,-5.61763391252176,1.09893107187598,-1.3373081275338,0.913334406597852,0.710436206360039,-2.07799476145438,1.64346721023081,1.00758760217361
-3.80139031654167,0.468198284817011,-2.11258202093751,0.936727117865044,-0.849232370828413,-5.64417653451505,-1.00193802188995,-4.7175656921311,-5.61763391252176,1.08323314770825,-1.3373081275338,0.948707299949084,0.463309007771338,-2.07799476145438,2.0992929239614,-1.91899936895009
-3.80139031654167,0.351205408774236,-2.11258202093751,0.843736272859132,-0.849232370828413,-5.64417653451505,-1.00193802188995,-4.7175656921311,-5.61763391252176,0.976323767447488,-1.3373081275338,-3.50585926732245,0.741994177694515,-2.07799476145438,1.51422869099671,-1.91899936895009
-3.80139031654167,0.251112250624834,-2.11258202093751,-2.68642887503456,-0.849232370828413,-5.64417653451505,-1.00193802188995,-4.7175656921311,-5.61763391252176,1.01870743429972,-1.3373081275338,-3.50585926732245,-1.80397438609977,-2.07799476145438,1.35937200319052,-1.91899936895009
-3.80139031654167,0.18839193318123,-2.11258202093751,-2.68642887503456,-0.849232370828413,-5.64417653451505,-1.00193802188995,-4.7175656921311,-5.61763391252176,0.775580152455155,-1.3373081275338,-3.50585926732245,-1.80397438609977,-2.07799476145438,1.15666353591073,-1.91899936895009
-3.80139031654167,0.046759047220628,-2.11258202093751,-2.68642887503456,-0.849232370828413,-5.64417653451505,-1.00193802188995,-4.7175656921311,-5.61763391252176,0.794409207678111,-1.3373081275338,-3.50585926732245,-1.80397438609977,-2.07799476145438,1.11949593444057,-1.91899936895009
-3.80139031654167,0.389700156574418,-2.11258202093751,-2.68642887503456,-0.849232370828413,-5.64417653451505,-1.00193802188995,-4.7175656921311,-5.61763391252176,0.698204055600293,-1.3373081275338,-3.50585926732245,-1.80397438609977,-2.07799476145438,1.04655152571673,-1.91899936895009
-3.80139031654167,-3.09210315396043,-2.11258202093751,-2.68642887503456,-0.849232370828413,-5.64417653451505,-1.00193802188995,-4.7175656921311,-5.61763391252176,0.868909985473237,-1.3373081275338,-3.50585926732245,-1.80397438609977,-2.07799476145438,-0.628195984417816,-1.91899936895009
-3.80139031654167,-3.09210315396043,-2.11258202093751,-2.68642887503456,-0.849232370828413,-5.64417653451505,-1.00193802188995,-4.7175656921311,-5.61763391252176,0.962638492590928,-1.3373081275338,-3.50585926732245,-1.80397438609977,-2.07799476145438,1.31359023624833,-1.91899936895009
-3.80139031654167,-3.09210315396043,-2.11258202093751,-2.68642887503456,-0.849232370828413,-5.64417653451505,-1.00193802188995,-4.7175656921311,-5.61763391252176,-4.40599825251467,-1.3373081275338,-3.50585926732245,-1.80397438609977,-2.07799476145438,1.27558018198817,-1.91899936895009
-3.80139031654167,-3.09210315396043,-2.11258202093751,-2.68642887503456,-0.849232370828413,-5.64417653451505,-1.00193802188995,-4.7175656921311,-5.61763391252176,-4.40599825251467,-1.3373081275338,-3.50585926732245,-1.80397438609977,-2.07799476145438,1.36248357922032,-1.91899936895009
-3.80139031654167,-3.09210315396043,-2.11258202093751,-2.68642887503456,-0.849232370828413,-5.64417653451505,-1.00193802188995,-4.7175656921311,-5.61763391252176,-4.40599825251467,-1.3373081275338,-3.50585926732245,-1.80397438609977,-2.07799476145438,1.32871116333919,-1.91899936895009
-3.80139031654167,-3.09210315396043,-2.11258202093751,-2.68642887503456,-0.849232370828413,-5.64417653451505,-1.00193802188995,-4.7175656921311,-5.61763391252176,-4.40599825251467,-1.3373081275338,-3.50585926732245,-1.80397438609977,-2.07799476145438,1.30524451873445,-1.91899936895009
-3.80139031654167,-3.09210315396043,-2.11258202093751,-2.68642887503456,-0.849232370828413,-5.64417653451505,-1.00193802188995,-4.7175656921311,-5.61763391252176,-4.40599825251467,-1.3373081275338,-3.50585926732245,-1.80397438609977,-2.07799476145438,1.33123977652529,-1.91899936895009
-3.80139031654167,-3.09210315396043,-2.11258202093751,-2.68642887503456,-0.849232370828413,-5.64417653451505,-1.00193802188995,-4.7175656921311,-5.61763391252176,-4.40599825251467,-1.3373081275338,-3.50585926732245,-1.80397438609977,-2.07799476145438,1.42258600358853,-1.91899936895009
-3.80139031654167,-3.09210315396043,-2.11258202093751,-2.68642887503456,-0.849232370828413,-5.64417653451505,-1.00193802188995,-4.7175656921311,-5.61763391252176,-4.40599825251467,-1.3373081275338,-3.50585926732245,-1.80397438609977,-2.07799476145438,1.42603230223211,-1.91899936895009
-3.80139031654167,-3.09210315396043,-2.11258202093751,-2.68642887503456,-0.849232370828413,-5.64417653451505,-1.00193802188995,-4.7175656921311,-5.61763391252176,-4.40599825251467,-1.3373081275338,-3.50585926732245,-1.80397438609977,-2.07799476145438,1.50585402656163,-1.91899936895009
-3.80139031654167,-3.09210315396043,-2.11258202093751,-2.68642887503456,-0.849232370828413,-5.64417653451505,-1.00193802188995,-4.7175656921311,-5.61763391252176,-4.40599825251467,-1.3373081275338,-3.50585926732245,-1.80397438609977,-2.07799476145438,1.65370484856435,-1.91899936895009
-3.80139031654167,-3.09210315396043,-2.11258202093751,-2.68642887503456,-0.849232370828413,-5.64417653451505,-1.00193802188995,-4.7175656921311,-5.61763391252176,-4.40599825251467,-1.3373081275338,-3.50585926732245,-1.80397438609977,-2.07799476145438,1.53929240661818,-1.91899936895009
-3.80139031654167,-3.09210315396043,-2.11258202093751,-2.68642887503456,-0.849232370828413,2.20086618169598,1.13192903677107,-4.7175656921311,-5.61763391252176,1.27471712949346,1.93522017163215,-3.50585926732245,1.66312054831972,-2.07799476145438,-2.25353868984983,-1.91899936895009
-3.80139031654167,-3.09210315396043,-2.11258202093751,-2.68642887503456,-0.849232370828413,2.09783753734895,1.0945991534996,-4.7175656921311,-5.61763391252176,1.16882055745262,1.79249847134763,-3.50585926732245,1.67210224265076,-2.07799476145438,-2.25353868984983,-1.91899936895009
-3.80139031654167,-3.09210315396043,-2.11258202093751,-2.68642887503456,-0.849232370828413,2.09033038994746,1.50084725453071,-4.7175656921311,-5.61763391252176,1.03288146032483,1.84407910360145,-3.50585926732245,1.46704045072712,-2.07799476145438,-2.25353868984983,-1.91899936895009
-3.80139031654167,-3.09210315396043,-2.11258202093751,-2.68642887503456,-0.849232370828413,2.26971742629646,1.80445198229672,-4.7175656921311,-5.61763391252176,1.39324300113399,1.90185261313017,-3.50585926732245,1.66314618166129,-2.07799476145438,-2.25353868984983,-1.91899936895009
-3.80139031654167,-3.09210315396043,-2.11258202093751,-2.68642887503456,-0.849232370828413,2.32279496814477,1.44347389888701,-4.7175656921311,-5.61763391252176,1.38999057024332,1.96931355040065,-3.50585926732245,1.68049147870588,-2.07799476145438,-2.25353868984983,-1.91899936895009
-0.218177248665933,0.824413603699943,-0.178809840778331,2.29503333913642,0.219005166792691,2.35132081864528,0.632494134354751,-0.273433894680628,0.979507997402928,0.789332332168167,0.832928947778473,0.54975837730203,0.283184174868062,0.687703715922994,0.923317235325506,0.585270200827943
