"KY","CT","ME","PA","NJ","DE","MA","NH","TX","NC","RI","VA","NY","MD","VT","SC"
0,0,0,0,0,0,0,0,0,0,0,0,0,0,0,0
0.0120631706369518,0.0183622282914911,0.064323909888073,0.049483235429911,0.0533971168781879,0.0414731892153595,0.0292269837875777,0.00991101324990118,0.130620601296096,0.0656541530873185,0.0319346622181684,0.00788250431486378,0.022034847368008,0.0205364505721639,0.0252064948831266,0.0147685929454087
0.0191196730993691,0.0291034432716946,0.101950985072363,0.0784290725707654,0.0846324278985526,0.0657334496916579,0.0463236733124959,0.0157085843452439,0.207028754875962,0.104059370660006,0.0506152420889937,0.0124934737508318,0.034924406787407,0.0325495040547933,0.0399513491643754,0.0234076660068878
0.0241263412739036,0.0367244565829823,0.128647819776146,0.098966470859822,0.106794233756376,0.0829463784307191,0.0584539675751555,0.0198220264998024,0.261241202592192,0.131308306174637,0.0638693244363369,0.0157650086297276,0.044069694736016,0.0410729011443278,0.0504129897662532,0.0295371858908174
0.0280098148153586,0.0426357737547488,0.14935549354212,0.114896514570636,0.123984265865449,0.0962977632237228,0.0678629547851942,0.0230126601137465,0.303291643920486,0.152444222599481,0.0741499894051032,0.0183026082267531,0.0511633311703327,0.047684161552773,0.0585276686427662,0.0342916108818998
0.0311828437363209,0.0474656715631857,0.166274894960436,0.127912308000676,0.138029544776741,0.107206638907017,0.0755506571000737,0.0256195975951451,0.337649356172058,0.169713523747324,0.0825499043071621,0.0203759780656956,0.056959254155415,0.0530859546269573,0.065157844047502,0.0381762589522965
0.0338656014632674,0.051549291974063,0.180580045030272,0.138917004543496,0.149904658891666,0.116429961877166,0.0820505167929542,0.0278237318296882,0.366698387970719,0.184314509823207,0.0896519311624221,0.0221289872864731,0.0618596372153653,0.0576531055953571,0.0707635774779653,0.0414606820971584
0.0361895119108554,0.0550866848744734,0.192971729664219,0.148449706289733,0.160191350634564,0.124419567646079,0.0876809513627332,0.0297330397497036,0.391861803888288,0.196962459261955,0.0958039866545053,0.0236475129445913,0.066104542104024,0.0616093517164917,0.0756194846493798,0.0443057788362261
0.0382393461987382,0.0582068865433891,0.203901970144725,0.156858145141531,0.169264855797105,0.131466899383316,0.0926473466249918,0.0314171686904878,0.414057509751923,0.208118741320012,0.101230484177987,0.0249869475016636,0.0698488135748139,0.0650990081095867,0.0799026983287507,0.0468153320137756
0.0400729854523104,0.06099800204624,0.213679403430193,0.164379750000547,0.177381382743637,0.137770952439082,0.097089938572772,0.0329236733636477,0.433912245216582,0.218098375686799,0.106084651623272,0.0261851125416169,0.0731981785383407,0.068220612124937,0.0837341635258928,0.0490602038273085
0.041731713922488,0.0635228731402207,0.222524167701176,0.171183869238707,0.184723674472475,0.143473662097342,0.101108751832146,0.0342864726094414,0.451873038169131,0.227126053085123,0.110475780208034,0.0272689846608847,0.0762280476967337,0.0710444464439259,0.0872001453937074,0.0510909373981306
0.0432460143732727,0.0658278998546768,0.230598804848509,0.177395543430587,0.191426661654929,0.148679828122377,0.104777640887651,0.0355306108450463,0.468269957468154,0.235367676834643,0.114484566525331,0.0282584823805594,0.078994101523423,0.0736224051991212,0.0903643389306286,0.0529448518977053
0.0446390357516898,0.0679483188834078,0.238026750975954,0.183109729766969,0.197592812130269,0.153469036610497,0.108152691649018,0.036675107076957,0.483353661043546,0.242949235745229,0.11817229245753,0.0291687320451405,0.0815386243837535,0.0759938973668767,0.0932751148206419,0.0546502879162487
0.0459287721002191,0.0699115202655542,0.244903954918345,0.188400239973407,0.203301775769854,0.157903151092525,0.111277500580532,0.0377347450795894,0.497318989266815,0.249968662910525,0.121586593380591,0.0300114916013369,0.0838944845833733,0.078189556167521,0.0959700723610919,0.0562292750425671
0.0471294879147277,0.0717392170264434,0.251306478614482,0.193325587141401,0.208616693764001,0.162031212915381,0.11418662809769,0.0387212444589904,0.510320398796448,0.256503593259487,0.124765231494097,0.0307960819775849,0.0860877379577396,0.0802336656075664,0.0984790178071416,0.0576992768887876
0.0482526825478071,0.0734489131659645,0.257295639552292,0.197932941719644,0.213588467512752,0.165892756861438,0.116907935150311,0.0396440529996047,0.522482405184384,0.262616612349274,0.127738648872674,0.0315300172594551,0.088139389472032,0.0821458022886557,0.100825979532506,0.0590743717816349
0.0493077617262026,0.0750549258240257,0.262921591471434,0.202260886084603,0.218258731069495,0.169520119825926,0.11946421019355,0.0405108983781109,0.533906854099569,0.268358911118175,0.130531745164645,0.0322194434830012,0.0900666198293556,0.0839419786048943,0.103030611192947,0.06036607488191
0.05030251683569,0.0765691148348802,0.268225880032798,0.206341380571442,0.222661972675293,0.172940088598675,0.12187433041257,0.041328181940389,0.544678111048019,0.27377289440733,0.133165146396156,0.0328694518165274,0.0918836609428219,0.0856354586817506,0.105109193211877,0.0615839249591844
0.0512434744480723,0.0780014147675574,0.273243306585811,0.210201197236925,0.226827081925417,0.176175101538178,0.124154108566221,0.0421012658703592,0.554866846068231,0.278894083271457,0.135656130269085,0.0334843069539476,0.0936024343890912,0.0872373534139694,0.107075363131508,0.0627359123076505
0.0521361560892622,0.0793602303377311,0.278003313318266,0.213862985430458,0.230778499621825,0.179244141654442,0.12631692236035,0.0428346866135488,0.564532846512678,0.283752528774118,0.13801931384144,0.0340676168564806,0.0952330259063487,0.0887570626971009,0.108940658409019,0.0638287967727172
0.0529852745626365,0.0806527352457576,0.282531030102634,0.217346077114261,0.234537086790219,0.182163411568824,0.12837419010545,0.0435323161749321,0.573727142846681,0.288373880483213,0.140267173251416,0.034622461037305,0.0967840440027723,0.0902026096501504,0.110714926642341,0.0648683481040462
0.0537948845594398,0.0818851014317119,0.286848077589249,0.220667104668618,0.238120791350663,0.184946851312702,0.130335735619724,0.0441974858593425,0.582493639465227,0.292780206172441,0.142410442426202,0.0351514889757485,0.0982628950647418,0.0915808970160898,0.112406640276834,0.0658595303435394
0.0545684997627391,0.083062677327823,0.290973191634527,0.223840481253358,0.241545166473301,0.187606540930954,0.132210071951782,0.04483308248323,0.590870382700311,0.296990629162937,0.144458423089638,0.0356569966371731,0.099675997261444,0.092897906520686,0.114023141298857,0.0668066451923428
0.0553091850102245,0.084190128146168,0.294922714736582,0.226878778860498,0.244823778533117,0.190153017337737,0.134004624675229,0.0454416240949475,0.59889055876425,0.301021829921961,0.146419228743499,0.0361409866954232,0.101028948891431,0.0941588557712851,0.115570833813755,0.067713444843114
0.0560196296307172,0.0852715475094977,0.298710987084239,0.229793029141272,0.247968531730898,0.192595526447446,0.135725909570388,0.0460253202274929,0.606583287840972,0.304888445198961,0.148299978810206,0.0366052164535062,0.102326662340665,0.0953683231055461,0.117055337285532,0.0685832217637996
0.0567022063886415,0.086310547174899,0.302350660864027,0.23259296519688,0.250989929008457,0.194942225825857,0.137379675436596,0.0465861203268582,0.613974262339642,0.308603388832547,0.150106954675699,0.0370512363600043,0.103573471751762,0.0965303479390406,0.118481609703768,0.0694188808616575
0.0573590192981074,0.0873103298150836,0.305852955217088,0.235287217712296,0.253897283695658,0.197200349074974,0.138971019937488,0.0471257530357317,0.621086264627885,0.312178111980018,0.151845726266981,0.0374804212524954,0.104773220362221,0.09764851216438,0.119854047493126,0.0702229980206635
0.0579919427371709,0.0882737485570453,0.309227864806418,0.237883475403318,0.256698892648042,0.199376340307885,0.14050448436811,0.0476457583294906,0.627939590562911,0.315622815997844,0.153521255598759,0.0378939959162007,0.105929331951381,0.0987260067396849,0.121176567244218,0.0709978679879758
0.0586026536952927,0.0892033560682578,0.312484331768557,0.240388617295931,0.259402178988843,0.201475965015546,0.141984131784954,0.0481475140104775,0.634552398668571,0.318946627949389,0.155137982141681,0.0382930561556193,0.10704486974432,0.0997656865869491,0.122452673096009,0.0717455438535707
0.0591926585516795,0.0901014453179345,0.315630388502555,0.242808822571312,0.262013810642189,0.20350440213074,0.143413611885268,0.0486322577088915,0.640941000092544,0.322157746346805,0.156699893712265,0.0386785862924487,0.108122585325748,0.10077011617973,0.123685512690268,0.0724678698341963
0.0597633154611538,0.0909700836521869,0.318673277037149,0.24514966239287,0.264539799423215,0.205466320990711,0.144796215244155,0.0491011052748559,0.647120101001634,0.325263562986768,0.158210585734701,0.0390514737933068,0.109164959530523,0.101741607653057,0.124877923947771,0.0731665086797495
0.0603158531847589,0.0918111414574557,0.321619549440365,0.247416177149555,0.26698558439094,0.207365946076798,0.146134918937889,0.0495550662495059,0.65310300648048,0.328270765436592,0.159673311090842,0.0394125215743189,0.11017423684004,0.10268225286082,0.126032474415633,0.0738429647270436
0.0608513870218571,0.0926263164119153,0.324475152773539,0.249612941809473,0.269356102371027,0.209207111789,0.147432425144642,0.0499950569546853,0.658901793045092,0.331185423745129,0.161091022297027,0.0397624584117165,0.111152454484141,0.103593950498719,0.127151494558083,0.0744986034050185
0.0613709323631544,0.0934171541155168,0.327245501359507,0.251744121514514,0.271655847947683,0.210993309041286,0.148691193981128,0.050421911628012,0.664527455395665,0.334013064205494,0.162466407382813,0.040101947797865,0.112101467197364,0.104478429177058,0.128237106076073,0.0751346678273188
0.061875416278626,0.0941850657288119,0.329935538572391,0.253813519114132,0.273888924757115,0.212727725100889,0.149913471578148,0.0508363919434347,0.669990031891205,0.336758732422688,0.163801920567525,0.0404315955132262,0.113022968385698,0.10533726714813,0.129291246120731,0.0757522929790582
0.0623656874726418,0.0949313431263714,0.332549789920871,0.255824616001353,0.276059089553481,0.214413277814035,0.151101314200147,0.0512391951902902,0.675298712344115,0.339427047494649,0.165099808614324,0.0407519561313912,0.11391850831083,0.106171909253915,0.130315688095004,0.0763525179045931
0.0628425248748248,0.0956571719735556,0.335092408856835,0.257780607352559,0.278169790235959,0.216052645141321,0.15225660905938,0.0516309613314908,0.680461931042425,0.342022248768249,0.166362133572661,0.0410635386326519,0.11478950978239,0.106983681551232,0.131312059604613,0.0769362962250634
0.0633066450850241,0.0963636430590485,0.337567216473884,0.259684432666836,0.280224198803605,0.217648290753537,0.153381092353799,0.0520122791202604,0.685487447364327,0.344548236358776,0.167590792487253,0.0413668112688114,0.115637281757099,0.107773803986133,0.132281858014635,0.0775045052530592
0.0637587088510589,0.0970517621551024,0.339977736048316,0.261538802337735,0.282225240028821,0.219202486302155,0.154476364961514,0.0523836914222009,0.690382415919507,0.347008606405235,0.168787534546524,0.0416622057959723,0.116463031171161,0.10854340142167,0.133226463985017,0.0780579539231366
0.064199326726214,0.0977224586292222,0.342327223206339,0.263346220860369,0.284175616500013,0.220717330869801,0.155543906147927,0.05274569986345,0.695153447808774,0.349406681861436,0.169953976059609,0.0419501211713444,0.117267873274357,0.109293513269265,0.134147153292146,0.078597389718126
0.064629064028051,0.0983765929923332,0.344618692365719,0.265109007172508,0.286077830571562,0.222194768018655,0.156585085580077,0.0530987689048045,0.699806664318319,0.351745539484466,0.17109161358375,0.0422309267935092,0.118052840687925,0.110025101930637,0.13504510719049,0.079123504740063
0.0650484451995883,0.0990149635372487,0.346854939990707,0.266829312544172,0.287934203668407,0.223636600784183,0.157601173893028,0.0534433294248333,0.704347744142777,0.354028033570531,0.172201835469584,0.0425049653521687,0.11881889137078,0.110739060222314,0.135921421525467,0.0796369410494549
0.0654579576572487,0.0996383121959121,0.349038565110284,0.268509136361952,0.28974689331882,0.225044504904397,0.158593352012783,0.0537797818813243,0.708781965051001,0.356256816897532,0.173285932047764,0.0427725553425326,0.119566915648262,0.111436217926415,0.136777114773889,0.0801382953762134
0.0658580551963916,0.100247329723203,0.351171987477322,0.270150340098529,0.291517908228851,0.226420040528061,0.159562719407302,0.0541084991092437,0.713114240761323,0.35843435925976,0.174345104644371,0.0430339932906123,0.12029774243275,0.112117347588254,0.137613135159961,0.0806281232889481
0.0662491610140969,0.100842660298138,0.353257463686845,0.271754659712167,0.293249121662554,0.227764662607039,0.160510301410186,0.0544298288042343,0.717349153672409,0.360562963919492,0.175380473583091,0.0432895557284167,0.121012144745147,0.11278316966236,0.138430366971517,0.0811069428956755
0.0666316703996909,0.101424905619314,0.3552971015226,0.273323716683269,0.294942283351489,0.229079730146314,0.16143705573936,0.0547440957331312,0.721490983996408,0.362644782250255,0.176393085307806,0.0435395009520368,0.121710844629452,0.11343435709285,0.139229636181984,0.0815752381377516
0.0670059531358974,0.101994628559876,0.357292872760607,0.274859027863923,0.296599030123311,0.230366514459153,0.162343878314642,0.0550516037067305,0.725543735758725,0.364681826805156,0.177383918739129,0.0437840705906432,0.122394517538756,0.114071539401171,0.140011715467684,0.0820334617295323
0.0673723556471763,0.102552356437659,0.359246624624655,0.276362014290409,0.298220895411304,0.231626206553096,0.163231608462807,0.0553526373448486,0.729511160060346,0.36667598300928,0.178353890961667,0.0440234910102869,0.123063796259439,0.114695306343449,0.140777328696882,0.0824820377885227
0.0677312029265347,0.103098583948126,0.361160090060543,0.277834009086992,0.299809317783332,0.232859923754332,0.164101033585908,0.0556474636593765,0.733396775941438,0.368629019646414,0.179303862324844,0.0442579745729463,0.123719274430731,0.115306211190714,0.141527154955931,0.0829213641943167
0.068082800267669,0.103633775800989,0.363034896972313,0.279276264571183,0.301365648609085,0.234068715662805,0.164952893357966,0.0559363334773941,0.737203889137068,0.37054259828628,0.180234641028375,0.0444877207683699,0.124361509708673,0.11590477367771,0.142261832168659,0.0833518147092083
0.0684274348255717,0.10415836909572,0.364872576543796,0.280689958655369,0.302891158968047,0.235253569517584,0.165787883506046,0.0562194827233548,0.74093560897553,0.372418281778181,0.181146987253638,0.044712917233833,0.124991026616763,0.116491482659688,0.142981960357322,0.0837737408887979
0.0687653770255933,0.10467277546639,0.3666745707521,0.282076200626791,0.304387045886645,0.236415415041216,0.166606659224174,0.0564971335767593,0.744594863635738,0.374257541919866,0.182041616893867,0.0449337406748681,0.12560831911977,0.117066798511205,0.143688104586895,0.0841874738070662
0.0690968818382823,0.105177383022191,0.368442239165373,0.283436036376954,0.305854437981275,0.237555128822628,0.167409838262054,0.0567694955195559,0.748184413951253,0.376061766395875,0.182919204929014,0.0451503576982909,0.126213852952391,0.117631155296424,0.144380797628903,0.0845933256171243
0.0694221899350592,0.105672558106575,0.370176865105161,0.284770453142207,0.307294400573846,0.238673538290333,0.168198003725065,0.0570367662856329,0.751706865923981,0.377832265067336,0.183780388485149,0.0453629255673592,0.126808067730229,0.118184962736544,0.145060542376253,0.0849915909660722
0.0697415287378467,0.10615864689497,0.371879661243296,0.286080383809343,0.308707940337923,0.239771425321065,0.16897170661734,0.0572991327231878,0.755164682089617,0.379570275684604,0.184625769613137,0.0455715928876378,0.127391378867066,0.118728607996699,0.145727814036474,0.0853825482800305
0.0700551133741227,0.106635976848536,0.373551774694491,0.287366710833229,0.31009600952623,0.240849529523245,0.169731468155687,0.0575567715793918,0.758560191859007,0.381276969085162,0.185455917816927,0.0457765002310645,0.127964179319389,0.119262457311849,0.146383062127345,0.0857664609333845
0.0703631475474414,0.107104858039252,0.375194291658174,0.288630269807691,0.31145950982397,0.241908551229835,0.170477781878717,0.0578098502156031,0.761895600944193,0.382953453931463,0.186271372358079,0.0459777807047795,0.128526841176498,0.119786857468763,0.147026712295884,0.0861435783145384
0.0706658243322445,0.107565584359749,0.37680824165663,0.289871852725842,0.312799295867031,0.242949154230906,0.171211115572532,0.0580585272603787,0.765172999964667,0.384600781036708,0.187072644359849,0.0461755604704831,0.129079717112328,0.120302137159113,0.147659167979136,0.0865141367989794
0.0709633269007303,0.108018434629736,0.37839460141085,0.291092210961701,0.314116178459434,0.243971968272603,0.171931913031805,0.0583029532066643,0.768394372317944,0.386219947320852,0.187860218731427,0.0463699592193982,0.129623141713161,0.120808608216903,0.148280811923,0.0868783606391629
0.0712558291886313,0.108463673609426,0.379954298390628,0.292292058001223,0.315410927520377,0.2449775913461,0.172640595672846,0.0585432709587927,0.77156160138864,0.387811899434123,0.188634555930434,0.0465610906073124,0.130157432693756,0.121306566751894,0.148892007573395,0.087236462779605
0.0715434965059622,0.1089015529292,0.381488214071225,0.293472071947588,0.316684274787679,0.245966591787343,0.173337564013332,0.0587796163342694,0.774676477161672,0.389377537081029,0.18939609357975,0.0467490626536632,0.130682892012944,0.121796294189347,0.149493100352447,0.0875886456046033
0.0718264860981056,0.109332311943678,0.382997186925222,0.294632897822781,0.317936916301403,0.24693951020607,0.174023199031732,0.0590121185247571,0.77774070229773,0.390917716074087,0.19014524795287,0.0469339781081706,0.131199806898531,0.122278058225221,0.150084418830898,0.0879351016251582
0.0721049476620056,0.109756178517452,0.384482015174997,0.295775149685027,0.319169514688771,0.247896861260482,0.174697863417946,0.059240900520176,0.780755897722642,0.392433251143219,0.190882415340409,0.0471159347881368,0.131708450790179,0.122752113704944,0.150666275806716,0.088276014110934
0.0723790238217107,0.110173369748947,0.385943459328438,0.296899412579466,0.320382701269128,0.248839135292157,0.175361902725466,0.0594660794994071,0.783723607776576,0.393924918523911,0.191607973309011,0.0472950258891827,0.132209084208048,0.123218703432983,0.15123896929876,0.0886115576724523
0.0726488505670484,0.110584092638157,0.387382244518074,0.298006244337605,0.321577077995717,0.24976679983422,0.176015646434213,0.0596877671907034,0.786645304964032,0.395393458344709,0.192322281862633,0.0474713402718936,0.132701955554086,0.12367805891965,0.151802783463408,0.0889418987981486
0.0729145576588089,0.110988544703406,0.388799062661612,0.299096177239384,0.322753219249215,0.25068030100436,0.17665940893222,0.0599060702045864,0.789522394341188,0.396839576832447,0.193025684515196,0.0476449627265803,0.133187301852149,0.124130401070883,0.152357989441209,0.0892671963504272
0.0731762690034608,0.111386914551732,0.39019457446002,0.30016971955026,0.323911673496386,0.251580064793102,0.17729349042351,0.0601210903417093,0.792356217573343,0.398263948351642,0.193718509282552,0.0478159742181319,0.13366534943246,0.124575940826174,0.152904846139863,0.0895876020244147
0.0734341030001062,0.111779382407008,0.39156941124758,0.301227356944425,0.32505296482587,0.252466498256645,0.177918177768706,0.0603329248779132,0.795148056691761,0.399667217292812,0.194401069600981,0.0479844521127287,0.134136314565372,0.125014879749222,0.1534436009592,0.0899032607727275
0.0736881728621083,0.112166120599518,0.392924176706889,0.302269553824123,0.326177594371853,0.253339990622612,0.178533745264278,0.0605416668284739,0.797899137576273,0.401049999822943,0.195073665178632,0.0481504703880049,0.134600404048851,0.125447410575479,0.153974490463233,0.0902143111992307
0.0739385869155778,0.112547294020303,0.394259448460464,0.303296754544043,0.327286041635303,0.254200914316248,0.179140455365726,0.0607474051933359,0.800610633187301,0.402412885510006,0.195736582785694,0.04831409982809,0.135057815753706,0.125873717720294,0.154497741003858,0.0905208859244669
0.0741854488766877,0.112923060543285,0.395575779549456,0.304309384548867,0.328378765711491,0.25504962591383,0.179738559359466,0.0609502251849526,0.803283666568636,0.403756438832256,0.196390096988536,0.0484754082048168,0.135508739130133,0.126293977751015,0.155013569300317,0.0908231119251644
0.0744288581095936,0.113293571417862,0.396873699808944,0.305307851431264,0.329456206431669,0.255886467029394,0.180328297987725,0.0611502084401914,0.805919313640211,0.405081200581967,0.197034470832493,0.048634460446255,0.135953355678838,0.126708359826078,0.155522182978131,0.0911211108500018
0.0746689098665645,0.113658971634433,0.39815371714838,0.306292545916905,0.330518785425994,0.25671176514031,0.180909902030337,0.0613474332176236,0.80851860579825,0.406387689172352,0.197669956477557,0.0487913187936216,0.136391839389669,0.127117026103806,0.156023781070861,0.091414999313593
0.0749056955117766,0.114019400265047,0.399416318744908,0.30726384278247,0.331566907114147,0.25752583435668,0.181483592846957,0.061541974581392,0.811082532338521,0.407676401855568,0.19829679579083,0.0489460429475156,0.136824357150398,0.127520132123396,0.156518554487739,0.0917048891704721
0.0751393027300864,0.114374990781192,0.400661972156602,0.308222101712038,0.33260095962945,0.258328976139104,0.182049582882884,0.0617339045727368,0.813612042716934,0.408947815858967,0.1989152208992,0.049098690204338,0.137251069128072,0.127917827160339,0.157006686449908,0.0919908877706874
0.0753698157219758,0.11472587135054,0.401891126361957,0.309167668096747,0.333621315681793,0.259121479968897,0.182608076141377,0.0619232923701615,0.816108048660423,0.410202389446094,0.199525454705422,0.0492493155836752,0.137672129125107,0.128310254558297,0.157488352897762,0.092273098198468
0.0755973153857554,0.115072165114284,0.403104212731448,0.310100873782203,0.334628333364141,0.259903623974508,0.1831592686251,0.0621102044391296,0.81857142613985,0.41144056290833,0.200127711370456,0.0493979719473579,0.138087684912099,0.128697552039283,0.157963722871673,0.092551619495289
0.0758218794880107,0.115413990446594,0.40430164593639,0.311022037767646,0.335622356907009,0.260675675517515,0.183703348749092,0.0622947046721021,0.821003017215603,0.412662759492553,0.200722196764692,0.0495447101108361,0.138497878539169,0.129079851993834,0.158432958868144,0.0928265468685453
0.076043582823192,0.115751461197535,0.405483824799914,0.311931466860588,0.336603717384884,0.26143789174129,0.184240497727417,0.0624768545196553,0.823403631765648,0.41386938626971,0.201309108890429,0.0496895789474613,0.13890284662747,0.129457281752698,0.158896217173278,0.0930979718869316
0.0762624973631657,0.116084686920713,0.406651133094412,0.31282945629028,0.337572733378201,0.262190520085161,0.184770889935505,0.0626567131133512,0.82577404910487,0.415060834948754,0.201888638277777,0.0498326254862082,0.139302720642365,0.129829963841429,0.159353648175273,0.0933659826635347
0.0764786923974765,0.116413773086778,0.40780394028945,0.313716290283062,0.338529711594211,0.262933798766632,0.185294693249984,0.0628343373809756,0.828115019503846,0.416237482640024,0.202460968355975,0.0499738950033272,0.139697627149628,0.130198016219173,0.159805396657501,0.0936306640275513
0.0766922346650028,0.116738821283824,0.408942602253792,0.314592242602419,0.33947494744975,0.263667957234014,0.185812069367655,0.0630097821547057,0.830427265614415,0.417399692571784,0.203026275801918,0.0501134311083729,0.140087688055933,0.130561552502801,0.160251602073617,0.0938920976854717
0.076903188477634,0.11705992940565,0.410067461914872,0.315457577056306,0.340408725618689,0.264393216591629,0.186323174105145,0.0631831002727219,0.832711483808858,0.418547814763343,0.203584730867569,0.0502512758250189,0.140473020834762,0.130920682177452,0.160692398805977,0.0941503623724926
0.07711161583654,0.11737719182874,0.41117884987878,0.316312547974083,0.341331320546595,0.265109789999543,0.186828157680606,0.0633543426747345,0.834968345438873,0.41968218665785,0.204136497687753,0.0503874696670325,0.140853738738788,0.131275510794478,0.161127916408594,0.0944055339948636
0.0773175765415612,0.117690699578775,0.412277085013554,0.317157400655239,0.342242996934943,0.265817883049649,0.187327164978744,0.0635235584918573,0.837198498020055,0.420803133717656,0.204681734569748,0.0505220517097543,0.141229950999688,0.131626140157667,0.161558279835713,0.0946576857638098
0.0775211282942005,0.118000540487403,0.413362474998357,0.317992371791863,0.343144010197008,0.266517694119756,0.18782033580036,0.0636907951312255,0.839402566347097,0.421910969984851,0.205220594265932,0.0506550596573963,0.14160176301627,0.131972668498579,0.161983609657015,0.0949068883216221
0.0777223267946619,0.118306799339952,0.41443531684092,0.318817689866696,0.344034606887395,0.267209414707204,0.18830780509745,0.0638560983557214,0.841581153544532,0.423005998609395,0.205753224230674,0.0507865299064512,0.141969276531727,0.132315190641742,0.162404022260385,0.0951532098604585
0.0779212258333434,0.118609558014694,0.415495897365395,0.31963357552844,0.344915025107039,0.267893229743421,0.188789703194879,0.0640195123591449,0.843734842057419,0.424088512347078,0.206279766862539,0.0509164976054761,0.142332589800758,0.132653798160418,0.162819630043087,0.0953967162343568
0.0781178773771609,0.118908895614246,0.416544493672665,0.320440241945855,0.345785494885302,0.268569317890699,0.18926615599953,0.064181079837136,0.845864194586062,0.425158794029334,0.206800359732813,0.0510449967115003,0.142691797747251,0.132988579523551,0.163230541592146,0.0956374710649177
0.0783123316510487,0.119204888589629,0.417581373574918,0.321237895142078,0.346646238540742,0.269237851822398,0.189737285197764,0.0643408420541354,0.847969754968505,0.426217117006811,0.207315135801259,0.0511720600432805,0.143046992113155,0.133319620234524,0.163636861854644,0.0958755358410842
0.0785046372149571,0.119497610857471,0.418606796006226,0.322026734310465,0.347497471021935,0.269898998487663,0.190203208441973,0.0644988389066452,0.850052049014265,0.427263745568436,0.207824223619952,0.0512977193316136,0.143398261599119,0.133647002962234,0.164038692298607,0.0961109700134071
0.0786948410366427,0.119787133910805,0.419621011410673,0.32280695211318,0.348339400229677,0.270552919361673,0.190664039526937,0.0646551089830324,0.852111585292504,0.428298935337574,0.208327747525975,0.0514220052669006,0.14374569199746,0.133970807665014,0.16443613106511,0.0963438310831603
0.0788829885605229,0.120073526923881,0.420624262109512,0.323578734963636,0.349172227321768,0.271199770682369,0.191119888556651,0.0648096896200998,0.854148855877596,0.429322933646774,0.208825827823695,0.0515449475441386,0.14408936631793,0.13429111170785,0.164829273112147,0.0965741746866373
0.0790691237728492,0.120356856851368,0.42161678264868,0.324342263293834,0.349996147001499,0.271839703674513,0.19157086210222,0.0649626169566317,0.856164337054821,0.430335979892475,0.209318580957298,0.051666574905507,0.144429364906764,0.134607989973334,0.165218210350811,0.096802054674941
0.0792532892634309,0.120637188522306,0.422598800127931,0.325097711807561,0.350811347790866,0.2724728647619,0.192017063351415,0.0651139259841056,0.858158489988717,0.431338305870938,0.209806119674188,0.0517869151807007,0.144765765559424,0.134921514966742,0.165603031774275,0.0970275231895503
0.079435526284128,0.12091458472915,0.423570534512728,0.32584524972032,0.351618012289492,0.273099395768456,0.192458592250385,0.0652636505947498,0.860131761356442,0.432330136096598,0.210288553179836,0.0519059953251507,0.145098643627447,0.135231756915613,0.165983823580008,0.0972506307339314
0.0796158748043128,0.121189106312184,0.424532198929981,0.326585040986839,0.35241631742012,0.273719434108908,0.192895545638029,0.0654118236271096,0.862084583948309,0.433311688103913,0.210765987284598,0.0520238414562649,0.145428072119749,0.135538783864166,0.166360669285671,0.0974714262414372
0.0797943735634865,0.121460812239617,0.425483999948616,0.327317244516903,0.35320643466152,0.274333112969691,0.193328017373486,0.0655584769092776,0.864017377237534,0.434283172733732,0.211238524543013,0.0521404788878101,0.145754121798739,0.135842661762878,0.166733649839057,0.0976899571397255
0.0799710601212263,0.12172975968361,0.426426137845901,0.328042014380238,0.35398853026958,0.274940561480658,0.193756098457138,0.0657036412999291,0.865930547921054,0.435244794405135,0.211706264386021,0.0522559321625483,0.146076861271548,0.136143454553513,0.167102843722458,0.0979062694119063
0.0801459709046208,0.12199600409248,0.427358806860386,0.328759500001094,0.354762765487273,0.275541904878165,0.194179877145544,0.0658473467272953,0.867824490433164,0.436196751373598,0.212169303246543,0.0523702250832337,0.146396357076681,0.136441224249874,0.167468327051786,0.098120407654617
0.0803191412533466,0.122259599259316,0.428282195432259,0.329469846343144,0.355529296744191,0.276137264660045,0.194599439060651,0.0659896222261973,0.869699587433611,0.437139235976328,0.212627734678809,0.0524833807420666,0.146712673766354,0.136736031014546,0.167830173670758,0.0983324151332075
0.0804906054625235,0.122520597387211,0.429196486431869,0.33017319408528,0.356288275846235,0.276726758732944,0.195014867293624,0.0661304959732559,0.871556210271626,0.4380724348655,0.213081649471807,0.0525954215486968,0.147025873984771,0.137027933231852,0.168188455240449,0.0985423338342066
0.0806603968234792,0.122779049151314,0.430101857377086,0.330869679788831,0.357039850156068,0.277310501552471,0.195426242503614,0.0662699953203841,0.873394719427335,0.438996529230123,0.213531135757201,0.0527063692568607,0.147336018542587,0.137316987577246,0.168543241324467,0.0987502045152297
0.0808285476625451,0.123035003757881,0.430998480640173,0.331559436056702,0.357784162764833,0.277888604256576,0.195833643011752,0.0664081468266605,0.875215464931834,0.439911695007184,0.213976279112035,0.0528162449897318,0.147643166487778,0.137603249083368,0.168894599470022,0.0989560667524749
0.0809950893779951,0.123288509000506,0.431886523644754,0.332242591684897,0.358521352655667,0.278461174792547,0.196237144890644,0.0665449762886786,0.877018786767167,0.440818103082693,0.214417162656519,0.052925069264058,0.147947375173105,0.137886771202923,0.169242595285107,0.099159958985946
0.0811600524752341,0.123539611313682,0.432766149053446,0.332919271806864,0.359251554859463,0.279028318037987,0.196636822049631,0.0666805087694571,0.878805015247349,0.441715919483193,0.214853867147182,0.0530328620131547,0.148248700320399,0.138167605868588,0.16958729251203,0.0993619185625331
0.0813234666003341,0.123788355823849,0.433637514946687,0.33358959803106,0.359974900603308,0.279590135916114,0.197032746316037,0.0668147686259932,0.880574471381498,0.442605305558284,0.215286471065654,0.0531396426088188,0.148547196081814,0.138445803550102,0.169928753097487,0.0995619817770697
0.0814853605720109,0.124034786398066,0.434500774993234,0.334253688572118,0.360691517452034,0.280146727505693,0.197424987512643,0.0669477795355341,0.882327467220077,0.443486418154655,0.215715050703318,0.053245429882223,0.148842915098237,0.138721413308708,0.170267037259379,0.0997601839114809
0.0816457624121263,0.124278945690446,0.435356078612819,0.33491165837597,0.361401529443233,0.280698189145904,0.197813613531593,0.0670795645206376,0.884064306185174,0.444359409782093,0.216139680242054,0.0533502421438475,0.149135908555004,0.138994482849076,0.170602203550547,0.0999565592721264
0.0818046993747984,0.124520875186461,0.436203571131369,0.335563619239254,0.362105057216111,0.281244614536424,0.198198690404918,0.067210145973089,0.885785283385713,0.445224428771922,0.216560431831305,0.0534540972025016,0.149426226235074,0.139265058568863,0.1709343089196,0.100151141225439
0.0819621979741939,0.12476061524525,0.437043393929198,0.336209679923325,0.362802218134511,0.281786094832979,0.198580282371876,0.0673395456767347,0.887490685918386,0.446081619428255,0.216977375661655,0.0535570123834837,0.149713916569797,0.139533185606025,0.171263408768988,0.100343962231951
0.0821182840110745,0.124998205140028,0.437875684582564,0.33684994626314,0.363493126404418,0.282322718738604,0.198958451943265,0.067467784829293,0.889180793155103,0.446931122172481,0.217390580035096,0.0536590045459283,0.149999026687397,0.139798907884013,0.171589557010472,0.100535053878793
0.0822729825981632,0.125233683096693,0.438700576998926,0.337484521271317,0.364177893186242,0.282854572590859,0.199333259962888,0.0675948840631942,0.890855877017656,0.447773073681316,0.217800111432187,0.0537600900993809,0.150281602459318,0.140062268154952,0.171912806118126,0.10072444691075
0.0824263181843932,0.125467086330743,0.439518201546247,0.338113505237602,0.364856626702158,0.283381740445195,0.199704765666295,0.0677208634655043,0.892516202240289,0.448607607018782,0.218206034576247,0.0538602850196432,0.150561688544506,0.140323308040927,0.17223320717901,0.100912171259947
0.0825783145780978,0.125698451082572,0.440328685176646,0.338736995823994,0.36552943233875,0.283904304154677,0.200073026736976,0.0678457425969765,0.894162026620798,0.449434851762418,0.218608412494741,0.0539596048639261,0.150839328431777,0.140582068073459,0.172550809941623,0.101098256074243
0.0827289949691963,0.12592781265124,0.441132151544703,0.339355088155753,0.366196412745219,0.284422343446265,0.20043809936011,0.0679695405102799,0.895793601260763,0.450254934124026,0.219007306578018,0.0540580647853469,0.151114564480336,0.140838587731277,0.172865662862263,0.101282729744388
0.082878381950428,0.126155205426797,0.441928721120679,0.3399678749085,0.366857667927374,0.284935935993813,0.20080003827401,0.0680922757674448,0.897411170795469,0.451067977065241,0.219402776635517,0.0541556795468041,0.151387437958567,0.141092905476463,0.173177813149393,0.101465619930024
0.0830264975376821,0.126380662921227,0.442718511298923,0.340575446391612,0.367513295337622,0.285445157487963,0.201158896819383,0.0682139664565655,0.89901497361404,0.451874100408171,0.219794880949595,0.0542524635342619,0.151657989081169,0.141345058789067,0.173487306806126,0.101646953584572
0.08317336318947,0.126604217798089,0.443501636501705,0.341177890628099,0.368163389961161,0.285950081703092,0.201514726986504,0.0683346302077991,0.900605242070288,0.452673420941382,0.220183676327067,0.0543484307694743,0.151926257044721,0.141595084200251,0.173794188670912,0.101826756979068
0.0833189998255831,0.126825901900917,0.444278208278701,0.341775293431134,0.368808044398565,0.286450780561459,0.201867579460423,0.0684542842086939,0.902182202684736,0.453466052521442,0.220569218148602,0.0544435949221762,0.152192280061764,0.141843017324058,0.174098502456521,0.102005055725014
0.0834634278449761,0.127045746280441,0.445048335402352,0.342367738477415,0.369447348944949,0.286947324194684,0.202217503664292,0.0685729452188827,0.903746076338261,0.454252106170246,0.220951560416068,0.0545379693217694,0.152456095393467,0.142088892887852,0.174400290787415,0.102181874796261
0.083606667142914,0.127263781220691,0.445812123959298,0.342955307377499,0.370081391665867,0.287439781002703,0.20256454780091,0.0686906295841706,0.905297078457768,0.455031690168348,0.221330755797919,0.054631566968527,0.152717739380952,0.142332744761511,0.174699595235573,0.102357238550012
0.0837487371274201,0.127480036264028,0.446569677438081,0.343538079743274,0.370710258470115,0.287928217710312,0.202908758892573,0.0688073532500484,0.90683541919428,0.455804910144471,0.221706855672743,0.054724400544341,0.152977247475332,0.14257460598543,0.174996456354866,0.102531170746951
0.0838896567350574,0.127694540235169,0.447321096813295,0.344116133252692,0.371334033179591,0.28841269942143,0.20325018281931,0.0689231317746583,0.908361303593826,0.456571869161405,0.222079910171038,0.0548164824230344,0.153234654266539,0.142814508797385,0.175290913714025,0.102703694570567
0.0840294444460759,0.127907321264247,0.448066480626359,0.344689543711908,0.371952797596346,0.288893289671169,0.203588864355583,0.0690379803412394,0.909874931761458,0.457332667798442,0.22244996821531,0.0549078246802592,0.153489993510998,0.143052484658319,0.175583005928299,0.102874832645699
0.0841681182989574,0.128118406808943,0.44880592506307,0.345258385114938,0.372566631566959,0.289370050475841,0.203924847205524,0.0691519137700772,0.911376499018738,0.458087404230537,0.222817077558578,0.0549984391030005,0.153743298158187,0.143288564277108,0.175872770689843,0.103044607056343
0.0843056959043846,0.128327823675759,0.449539524028089,0.345822729700961,0.373175613044376,0.289843042380988,0.204258174036783,0.0692649465299804,0.912866196054999,0.458836174304338,0.223181284821355,0.055088337198704,0.15399460037616,0.143522777634335,0.176160244796908,0.103213039362749
0.0844421944586625,0.128535598040438,0.450267369216511,0.346382648009377,0.373779818147316,0.290312324507517,0.204588886513044,0.0693770927493083,0.914344209072672,0.459579071611229,0.223542635527179,0.0551775302040465,0.154243931576056,0.143755154005147,0.176445464181886,0.103380150617861
0.0845776307566178,0.128741755467607,0.450989550182647,0.346938208932717,0.374379321217372,0.290777954596054,0.204917025325279,0.0694883662265682,0.915810719926963,0.460316187557538,0.223901174136758,0.0552660290933644,0.154491322435669,0.143985721981208,0.176728463938264,0.103545961383101
0.0847120212040002,0.128946320929648,0.451706154406147,0.347489479767516,0.374974194873905,0.29123998904958,0.20524263022179,0.0695987804406046,0.917265906260128,0.461047611432028,0.224256944080802,0.0553538445867573,0.154736802922094,0.144214509491814,0.177009278346535,0.103710491743557
0.0848453818294078,0.129149318824855,0.452417267355595,0.348036526263229,0.375564510066831,0.291698482974425,0.205565740037111,0.0697083485603974,0.918709941630614,0.461773430470807,0.224609987791595,0.0554409871578811,0.154980402313514,0.144441543824195,0.177287940899119,0.103873761322581
0.0849777282957607,0.129350772994898,0.453122972549685,0.348579412669295,0.376150336127403,0.292153490219719,0.205886392719798,0.0698170834544876,0.920142995637284,0.462493729919766,0.224960346733364,0.0555274670414441,0.155222149220157,0.144666851643047,0.177564484324336,0.104035789295836
0.0851090759113396,0.12955070674162,0.453823351616083,0.349118201780421,0.376731740817084,0.292605063415343,0.206204625359175,0.0699249977000474,0.921565234038951,0.463208593094664,0.225308061431507,0.0556132942404208,0.155462071604457,0.144890459009326,0.177838940609474,0.104196594404809
0.0852394396404126,0.129749142843223,0.454518484348093,0.349652954980171,0.377308790374574,0.293053254008462,0.206520474211088,0.0700321035916105,0.922976818869439,0.463918101438961,0.22565317150072,0.0556984785329957,0.155700196800468,0.145112391398338,0.17811134102299,0.104356194969823
0.085368834113466,0.129946103569832,0.455208448759207,0.350183732282932,0.377881549561107,0.293498112298697,0.206833974722682,0.0701384131494782,0.924377908548371,0.464622334579498,0.225995715672084,0.0557830294792485,0.155936551532554,0.145332673717153,0.178381716135892,0.104514608902563
0.085497273637058,0.130141610698499,0.455893321135653,0.350710592374336,0.378450081704058,0.293939687472005,0.207145161556283,0.0702439381278144,0.925768657987857,0.465321370380131,0.22633573181915,0.0558669564275925,0.15617116193338,0.145551330321386,0.178650095842327,0.104671853718136
0.0856247722033111,0.13033568552765,0.456573176087004,0.351233592650197,0.379014448738971,0.294378027633314,0.207454068612394,0.0703486900224455,0.927149218695285,0.466015284993388,0.226673256983067,0.0559502685209779,0.156404053561259,0.145768385031353,0.178916509379413,0.104827946546696
0.08575134349906,0.130528348891009,0.457248086594962,0.351752789254034,0.379574711250041,0.294813179837972,0.207760729051855,0.0704526800783751,0.928519738872369,0.466704152910261,0.2270083273968,0.0560329747028687,0.156635251416859,0.145983861147643,0.179180985346359,0.104982904144639
0.0858770009146683,0.130719621171022,0.457918124060369,0.35226823711324,0.38013092850915,0.295245190122057,0.208065175317211,0.0705559192970284,0.92988036351062,0.467388047008188,0.227340978508471,0.0561150837230041,0.156864779959306,0.146197781466134,0.179443551722885,0.105136742905405
0.0860017575525295,0.130909522311794,0.458583358348537,0.352779989973954,0.380683158513491,0.295674103531608,0.208367439153304,0.0706584184432371,0.931231234483397,0.468067038597324,0.227671245003862,0.0561966041429538,0.157092663121714,0.146410168292458,0.179704235886985,0.105289478869876
0.0861256262352665,0.131098071831571,0.45924385783297,0.353288100434689,0.381231458021863,0.296099964150811,0.208667551627138,0.0707601880519744,0.932572490634686,0.468741197465162,0.227999160828123,0.0562775443414751,0.157318924326163,0.146621043455964,0.17996306463206,0.10544112773642
0.0862486195136395,0.131285288834776,0.459899689437529,0.353792619978778,0.381775882589679,0.296522815129189,0.208965543147044,0.0708612384348537,0.933904267864732,0.469410591919575,0.228324759206705,0.0563579125196806,0.157543586498141,0.146830428323179,0.180220064183444,0.105591704870573
0.0863707496741778,0.131471192023629,0.46055091867713,0.354293599005676,0.382316486602743,0.296942698707839,0.209261443481165,0.0709615796863983,0.935226699212676,0.470075288830352,0.228648072665564,0.0564377167060252,0.157766672080487,0.147038343810803,0.180475260214349,0.105741225314379
0.0864920287465454,0.131655799709354,0.461197609697017,0.354791086861175,0.382853323309857,0.297359656244754,0.209555281775303,0.0710612216900925,0.936539914936307,0.470735353669286,0.228969133050661,0.0565169647611187,0.157988203046846,0.147244810398242,0.180728677861257,0.105889703795411
0.0866124685106514,0.131839129823007,0.461839825310677,0.355285131866567,0.383386444854292,0.297773728239269,0.209847086570149,0.071160174124224,0.937844042589057,0.47139085054887,0.229287971546784,0.0565956643823724,0.158208200914652,0.147449848139722,0.180980341738776,0.10603715473547
0.0867320805035162,0.132021199925924,0.462477627036453,0.355775781346816,0.383915902304182,0.29818495435567,0.210136885817915,0.0712584464675248,0.939139207094347,0.472041842259671,0.229604618695725,0.0566738231084853,0.158426686757677,0.14765347667597,0.181230275953987,0.106183592259002
0.0868508760259038,0.132202027219821,0.463111075132906,0.356263081657757,0.384441745681885,0.29859337344599,0.210424706898404,0.0713560480046203,0.9404255308174,0.47268839030642,0.229919104413838,0.0567514483237781,0.158643681218138,0.147855715245507,0.181478504120306,0.106329030201205
0.0869688661487284,0.132381628556538,0.463740228632981,0.356747078212381,0.384964023992334,0.29899902357204,0.210710576634535,0.0714529878312932,0.941703133634617,0.473330554942886,0.230231458008998,0.0568285472623794,0.158859204518406,0.14805658269556,0.181725049370866,0.106473482115881
0.0870860617192458,0.132560020447472,0.464365145377022,0.357227815506231,0.385482785250453,0.299401942026694,0.210994521307339,0.07154927485957,0.942972133000616,0.473968395205573,0.230541708196994,0.0569051270122718,0.159073276472312,0.148256097492593,0.181969934371458,0.106616961283014
0.0872024733670382,0.132737219072683,0.464985882044675,0.357705337141948,0.385998076507638,0.299802165354463,0.211276566670462,0.071644917822638,0.94423264401303,0.474601968946286,0.230849883117369,0.0569811945192017,0.15928591649608,0.148454277732503,0.182213181333034,0.106759480716096
0.0873181115097989,0.132913240289698,0.465602494185747,0.358179685853006,0.386509943877371,0.300199729371384,0.21155673796418,0.0717399252795984,0.945484779475153,0.47523133286362,0.231156010348736,0.0570567565904604,0.159497143618894,0.148651141150467,0.182454812023797,0.106901053169209
0.0874329863589276,0.133088099642031,0.46621503625003,0.358650903526658,0.387018432559981,0.300594669184256,0.211835059928954,0.0718343056200627,0.94672864995652,0.475856542533413,0.23146011692359,0.057131819898539,0.159706976493115,0.148846705130461,0.182694847780888,0.107041691143877
0.0875471079249408,0.133261812367415,0.466823561616159,0.359119031226134,0.3875235868666,0.300987019209242,0.212111556818542,0.0719280670685987,0.947964363851491,0.476477652438187,0.231762229342632,0.0572063909846648,0.159915433404169,0.149040986714481,0.182933309521698,0.107181406895686
0.0876604860227072,0.133434393405775,0.467428122619521,0.359584109212114,0.388025450242329,0.301376813189868,0.212386252412678,0.0720212176890308,0.949192027435946,0.477094715995648,0.232062373588624,0.0572804762622216,0.160122532280107,0.149234002611447,0.183170217754799,0.107320212440698
0.0877731302765124,0.133605857406936,0.468028770579269,0.360046176963506,0.388524065288664,0.301764084214434,0.212659170029349,0.0721137653886024,0.95041174492212,0.477707785586249,0.232360575139804,0.0573540820200599,0.160328290700856,0.14942576920583,0.183405592590538,0.107458119561649
0.0878850501249624,0.133776218738085,0.468625555824463,0.360505273197556,0.389019473785197,0.302148864732874,0.21293033253667,0.0722057179220032,0.951623618511699,0.478316912579872,0.232656858982861,0.0574272144256999,0.160532725907177,0.149616302565998,0.18363945375127,0.107595139813954
